[{"model": "auth.permission", "pk": 1, "fields": {"name": "Can add log entry", "content_type": 1, "codename": "add_logentry"}}, {"model": "auth.permission", "pk": 2, "fields": {"name": "Can change log entry", "content_type": 1, "codename": "change_logentry"}}, {"model": "auth.permission", "pk": 3, "fields": {"name": "Can delete log entry", "content_type": 1, "codename": "delete_logentry"}}, {"model": "auth.permission", "pk": 4, "fields": {"name": "Can view log entry", "content_type": 1, "codename": "view_logentry"}}, {"model": "auth.permission", "pk": 5, "fields": {"name": "Can add permission", "content_type": 2, "codename": "add_permission"}}, {"model": "auth.permission", "pk": 6, "fields": {"name": "Can change permission", "content_type": 2, "codename": "change_permission"}}, {"model": "auth.permission", "pk": 7, "fields": {"name": "Can delete permission", "content_type": 2, "codename": "delete_permission"}}, {"model": "auth.permission", "pk": 8, "fields": {"name": "Can view permission", "content_type": 2, "codename": "view_permission"}}, {"model": "auth.permission", "pk": 9, "fields": {"name": "Can add group", "content_type": 3, "codename": "add_group"}}, {"model": "auth.permission", "pk": 10, "fields": {"name": "Can change group", "content_type": 3, "codename": "change_group"}}, {"model": "auth.permission", "pk": 11, "fields": {"name": "Can delete group", "content_type": 3, "codename": "delete_group"}}, {"model": "auth.permission", "pk": 12, "fields": {"name": "Can view group", "content_type": 3, "codename": "view_group"}}, {"model": "auth.permission", "pk": 13, "fields": {"name": "Can add content type", "content_type": 4, "codename": "add_contenttype"}}, {"model": "auth.permission", "pk": 14, "fields": {"name": "Can change content type", "content_type": 4, "codename": "change_contenttype"}}, {"model": "auth.permission", "pk": 15, "fields": {"name": "Can delete content type", "content_type": 4, "codename": "delete_contenttype"}}, {"model": "auth.permission", "pk": 16, "fields": {"name": "Can view content type", "content_type": 4, "codename": "view_contenttype"}}, {"model": "auth.permission", "pk": 17, "fields": {"name": "Can add session", "content_type": 5, "codename": "add_session"}}, {"model": "auth.permission", "pk": 18, "fields": {"name": "Can change session", "content_type": 5, "codename": "change_session"}}, {"model": "auth.permission", "pk": 19, "fields": {"name": "Can delete session", "content_type": 5, "codename": "delete_session"}}, {"model": "auth.permission", "pk": 20, "fields": {"name": "Can view session", "content_type": 5, "codename": "view_session"}}, {"model": "auth.permission", "pk": 21, "fields": {"name": "Can add table_session", "content_type": 6, "codename": "add_table_session"}}, {"model": "auth.permission", "pk": 22, "fields": {"name": "Can change table_session", "content_type": 6, "codename": "change_table_session"}}, {"model": "auth.permission", "pk": 23, "fields": {"name": "Can delete table_session", "content_type": 6, "codename": "delete_table_session"}}, {"model": "auth.permission", "pk": 24, "fields": {"name": "Can view table_session", "content_type": 6, "codename": "view_table_session"}}, {"model": "auth.permission", "pk": 25, "fields": {"name": "Can add table_time", "content_type": 7, "codename": "add_table_time"}}, {"model": "auth.permission", "pk": 26, "fields": {"name": "Can change table_time", "content_type": 7, "codename": "change_table_time"}}, {"model": "auth.permission", "pk": 27, "fields": {"name": "Can delete table_time", "content_type": 7, "codename": "delete_table_time"}}, {"model": "auth.permission", "pk": 28, "fields": {"name": "Can view table_time", "content_type": 7, "codename": "view_table_time"}}, {"model": "auth.permission", "pk": 29, "fields": {"name": "Can add table_booking_dininghall", "content_type": 8, "codename": "add_table_booking_dininghall"}}, {"model": "auth.permission", "pk": 30, "fields": {"name": "Can change table_booking_dininghall", "content_type": 8, "codename": "change_table_booking_dininghall"}}, {"model": "auth.permission", "pk": 31, "fields": {"name": "Can delete table_booking_dininghall", "content_type": 8, "codename": "delete_table_booking_dininghall"}}, {"model": "auth.permission", "pk": 32, "fields": {"name": "Can view table_booking_dininghall", "content_type": 8, "codename": "view_table_booking_dininghall"}}, {"model": "auth.permission", "pk": 33, "fields": {"name": "Can add table_students_information", "content_type": 9, "codename": "add_table_students_information"}}, {"model": "auth.permission", "pk": 34, "fields": {"name": "Can change table_students_information", "content_type": 9, "codename": "change_table_students_information"}}, {"model": "auth.permission", "pk": 35, "fields": {"name": "Can delete table_students_information", "content_type": 9, "codename": "delete_table_students_information"}}, {"model": "auth.permission", "pk": 36, "fields": {"name": "Can view table_students_information", "content_type": 9, "codename": "view_table_students_information"}}, {"model": "auth.permission", "pk": 37, "fields": {"name": "Can add attendee", "content_type": 11, "codename": "add_attendee"}}, {"model": "auth.permission", "pk": 38, "fields": {"name": "Can change attendee", "content_type": 11, "codename": "change_attendee"}}, {"model": "auth.permission", "pk": 39, "fields": {"name": "Can delete attendee", "content_type": 11, "codename": "delete_attendee"}}, {"model": "auth.permission", "pk": 40, "fields": {"name": "Can view attendee", "content_type": 11, "codename": "view_attendee"}}, {"model": "auth.permission", "pk": 41, "fields": {"name": "Can add table_classes", "content_type": 12, "codename": "add_table_classes"}}, {"model": "auth.permission", "pk": 42, "fields": {"name": "Can change table_classes", "content_type": 12, "codename": "change_table_classes"}}, {"model": "auth.permission", "pk": 43, "fields": {"name": "Can delete table_classes", "content_type": 12, "codename": "delete_table_classes"}}, {"model": "auth.permission", "pk": 44, "fields": {"name": "Can view table_classes", "content_type": 12, "codename": "view_table_classes"}}, {"model": "contenttypes.contenttype", "pk": 1, "fields": {"app_label": "admin", "model": "logentry"}}, {"model": "contenttypes.contenttype", "pk": 2, "fields": {"app_label": "auth", "model": "permission"}}, {"model": "contenttypes.contenttype", "pk": 3, "fields": {"app_label": "auth", "model": "group"}}, {"model": "contenttypes.contenttype", "pk": 4, "fields": {"app_label": "contenttypes", "model": "contenttype"}}, {"model": "contenttypes.contenttype", "pk": 5, "fields": {"app_label": "sessions", "model": "session"}}, {"model": "contenttypes.contenttype", "pk": 6, "fields": {"app_label": "dininghall", "model": "table_session"}}, {"model": "contenttypes.contenttype", "pk": 7, "fields": {"app_label": "dininghall", "model": "table_time"}}, {"model": "contenttypes.contenttype", "pk": 8, "fields": {"app_label": "dininghall", "model": "table_booking_dininghall"}}, {"model": "contenttypes.contenttype", "pk": 9, "fields": {"app_label": "students", "model": "table_students_information"}}, {"model": "contenttypes.contenttype", "pk": 10, "fields": {"app_label": "accounts", "model": "customuser"}}, {"model": "contenttypes.contenttype", "pk": 11, "fields": {"app_label": "sas", "model": "attendee"}}, {"model": "contenttypes.contenttype", "pk": 12, "fields": {"app_label": "sas", "model": "table_classes"}}, {"model": "sessions.session", "pk": "4hpoq0w3uh1n9a7tiawy20qy4ozu21a1", "fields": {"session_data": ".eJxVjE0OwiAYRO_C2hD5ry5NPAcZ6EdAKzWFrox3tyZd6GYWM2_ei3msPfu10eLLyM5Ms8NvFxDvVL9DKhWTfy7zjWLniHFea298Bxq_PlCmy47_OTJa3gTKJRyhkkjGCq1NokDbW28pg4Cjkx6CArQgB5IOQ7DSGauMlRBiZO8P8aY57Q:1qEZx8:0CB-yJ5j2tBrT4Mx5WH5KfwMzjG2AJaYpGMMG9K5cMk", "expire_date": "2023-07-12T18:31:42.674Z"}}, {"model": "sessions.session", "pk": "owubpm995lmf4t9zha79elewtuz9wgvm", "fields": {"session_data": ".eJxVjE0OwiAYRO_C2hD5ry5NPAcZ6EdAKzWFrox3tyZd6GYWM2_ei3msPfu10eLLyM5Ms8NvFxDvVL9DKhWTfy7zjWLniHFea298Bxq_PlCmy47_OTJa3gTKJRyhkkjGCq1NokDbW28pg4Cjkx6CArQgB5IOQ7DSGauMlRBiZO8P8aY57Q:1qEaGf:npx-H-PVsf9bIvs6hx1NpV3ONn3rBrV5OWuyX8WDcOA", "expire_date": "2023-07-12T18:51:53.913Z"}}, {"model": "dininghall.table_session", "pk": 1, "fields": {"date": "2023-06-22", "name": "Breakfast", "menu": "Nasi Uduk + Sambal Goreng"}}, {"model": "dininghall.table_session", "pk": 2, "fields": {"date": "2023-06-22", "name": "Lunch", "menu": "Gado-gado + Lontong"}}, {"model": "dininghall.table_session", "pk": 3, "fields": {"date": "2023-06-22", "name": "Dinner", "menu": "Rendang + Nasi Putih"}}, {"model": "dininghall.table_session", "pk": 4, "fields": {"date": "2023-06-23", "name": "Breakfast", "menu": "Bubur Kacang Hijau + Roti Canai"}}, {"model": "dininghall.table_session", "pk": 5, "fields": {"date": "2023-06-23", "name": "Lunch", "menu": "Nasi Campur + Sate Ayam"}}, {"model": "dininghall.table_session", "pk": 6, "fields": {"date": "2023-06-23", "name": "Dinner", "menu": "Sayur Asem + Nasi Putih"}}, {"model": "dininghall.table_session", "pk": 7, "fields": {"date": "2023-06-24", "name": "Breakfast", "menu": "Nasi Kuning + Ayam Goreng"}}, {"model": "dininghall.table_session", "pk": 8, "fields": {"date": "2023-06-24", "name": "Lunch", "menu": "Gado-gado + Lontong"}}, {"model": "dininghall.table_session", "pk": 9, "fields": {"date": "2023-06-24", "name": "Dinner", "menu": "Ikan Goreng + Nasi Putih"}}, {"model": "dininghall.table_session", "pk": 10, "fields": {"date": "2023-06-25", "name": "Breakfast", "menu": "Bubur Kacang Hijau + Roti Canai"}}, {"model": "dininghall.table_session", "pk": 11, "fields": {"date": "2023-06-25", "name": "Lunch", "menu": "Nasi Campur + Sate Ayam"}}, {"model": "dininghall.table_session", "pk": 12, "fields": {"date": "2023-06-25", "name": "Dinner", "menu": "Rendang + Nasi Putih"}}, {"model": "dininghall.table_session", "pk": 13, "fields": {"date": "2023-06-26", "name": "Breakfast", "menu": "Nasi Kuning + Ayam Goreng"}}, {"model": "dininghall.table_session", "pk": 14, "fields": {"date": "2023-06-26", "name": "Lunch", "menu": "Nasi Goreng + Bakso"}}, {"model": "dininghall.table_session", "pk": 15, "fields": {"date": "2023-06-26", "name": "Dinner", "menu": "Rendang + Nasi Putih"}}, {"model": "dininghall.table_session", "pk": 16, "fields": {"date": "2023-06-27", "name": "Breakfast", "menu": "Oatmeal + Granola"}}, {"model": "dininghall.table_session", "pk": 17, "fields": {"date": "2023-06-27", "name": "Lunch", "menu": "Nasi Uduk + Kentang Goreng"}}, {"model": "dininghall.table_session", "pk": 18, "fields": {"date": "2023-06-27", "name": "Dinner", "menu": "Sayur Asem + Nasi Putih"}}, {"model": "dininghall.table_session", "pk": 19, "fields": {"date": "2023-06-28", "name": "Breakfast", "menu": "Bubur Ayam + Roti Bakar"}}, {"model": "dininghall.table_session", "pk": 20, "fields": {"date": "2023-06-28", "name": "Lunch", "menu": "Nasi Putih + Ayam Bakar"}}, {"model": "dininghall.table_session", "pk": 21, "fields": {"date": "2023-06-28", "name": "Dinner", "menu": "Ayam Bakar + Nasi Putih + Sambal"}}, {"model": "dininghall.table_session", "pk": 22, "fields": {"date": "2023-06-29", "name": "Breakfast", "menu": "Oatmeal + Granola"}}, {"model": "dininghall.table_session", "pk": 23, "fields": {"date": "2023-06-29", "name": "Lunch", "menu": "Nasi Padang + Rendang"}}, {"model": "dininghall.table_session", "pk": 24, "fields": {"date": "2023-06-29", "name": "Dinner", "menu": "Daging Sapi Goreng + Nasi Putih"}}, {"model": "dininghall.table_session", "pk": 25, "fields": {"date": "2023-06-30", "name": "Breakfast", "menu": "Bubur Ayam + Roti Bakar"}}, {"model": "dininghall.table_session", "pk": 26, "fields": {"date": "2023-06-30", "name": "Lunch", "menu": "Nasi Uduk + Kentang Goreng"}}, {"model": "dininghall.table_session", "pk": 27, "fields": {"date": "2023-06-30", "name": "Dinner", "menu": "Sayur Asem + Nasi Putih"}}, {"model": "dininghall.table_time", "pk": 1, "fields": {"time": "07:00:00", "session_id": 1, "seat_limit": 1, "available_seat": null}}, {"model": "dininghall.table_time", "pk": 2, "fields": {"time": "07:30:00", "session_id": 1, "seat_limit": 1, "available_seat": null}}, {"model": "dininghall.table_time", "pk": 3, "fields": {"time": "08:00:00", "session_id": 1, "seat_limit": 1, "available_seat": null}}, {"model": "dininghall.table_time", "pk": 4, "fields": {"time": "08:30:00", "session_id": 1, "seat_limit": 1, "available_seat": null}}, {"model": "dininghall.table_time", "pk": 5, "fields": {"time": "09:00:00", "session_id": 1, "seat_limit": 1, "available_seat": null}}, {"model": "dininghall.table_time", "pk": 6, "fields": {"time": "11:00:00", "session_id": 2, "seat_limit": 1, "available_seat": null}}, {"model": "dininghall.table_time", "pk": 7, "fields": {"time": "11:30:00", "session_id": 2, "seat_limit": 1, "available_seat": null}}, {"model": "dininghall.table_time", "pk": 8, "fields": {"time": "12:00:00", "session_id": 2, "seat_limit": 1, "available_seat": null}}, {"model": "dininghall.table_time", "pk": 9, "fields": {"time": "12:30:00", "session_id": 2, "seat_limit": 1, "available_seat": null}}, {"model": "dininghall.table_time", "pk": 10, "fields": {"time": "13:00:00", "session_id": 2, "seat_limit": 1, "available_seat": null}}, {"model": "dininghall.table_time", "pk": 11, "fields": {"time": "13:30:00", "session_id": 2, "seat_limit": 1, "available_seat": null}}, {"model": "dininghall.table_time", "pk": 12, "fields": {"time": "17:00:00", "session_id": 3, "seat_limit": 1, "available_seat": null}}, {"model": "dininghall.table_time", "pk": 13, "fields": {"time": "17:30:00", "session_id": 3, "seat_limit": 1, "available_seat": null}}, {"model": "dininghall.table_time", "pk": 14, "fields": {"time": "18:00:00", "session_id": 3, "seat_limit": 1, "available_seat": null}}, {"model": "dininghall.table_time", "pk": 15, "fields": {"time": "18:30:00", "session_id": 3, "seat_limit": 1, "available_seat": null}}, {"model": "dininghall.table_time", "pk": 16, "fields": {"time": "19:00:00", "session_id": 3, "seat_limit": 1, "available_seat": null}}, {"model": "dininghall.table_time", "pk": 17, "fields": {"time": "19:30:00", "session_id": 3, "seat_limit": 1, "available_seat": null}}, {"model": "dininghall.table_time", "pk": 18, "fields": {"time": "07:00:00", "session_id": 4, "seat_limit": 1, "available_seat": null}}, {"model": "dininghall.table_time", "pk": 19, "fields": {"time": "07:30:00", "session_id": 4, "seat_limit": 1, "available_seat": null}}, {"model": "dininghall.table_time", "pk": 20, "fields": {"time": "08:00:00", "session_id": 4, "seat_limit": 1, "available_seat": null}}, {"model": "dininghall.table_time", "pk": 21, "fields": {"time": "08:30:00", "session_id": 4, "seat_limit": 1, "available_seat": null}}, {"model": "dininghall.table_time", "pk": 22, "fields": {"time": "09:00:00", "session_id": 4, "seat_limit": 1, "available_seat": null}}, {"model": "dininghall.table_time", "pk": 23, "fields": {"time": "11:00:00", "session_id": 5, "seat_limit": 1, "available_seat": null}}, {"model": "dininghall.table_time", "pk": 24, "fields": {"time": "11:30:00", "session_id": 5, "seat_limit": 1, "available_seat": null}}, {"model": "dininghall.table_time", "pk": 25, "fields": {"time": "12:00:00", "session_id": 5, "seat_limit": 1, "available_seat": null}}, {"model": "dininghall.table_time", "pk": 26, "fields": {"time": "12:30:00", "session_id": 5, "seat_limit": 1, "available_seat": null}}, {"model": "dininghall.table_time", "pk": 27, "fields": {"time": "13:00:00", "session_id": 5, "seat_limit": 1, "available_seat": null}}, {"model": "dininghall.table_time", "pk": 28, "fields": {"time": "13:30:00", "session_id": 5, "seat_limit": 1, "available_seat": null}}, {"model": "dininghall.table_time", "pk": 29, "fields": {"time": "17:00:00", "session_id": 6, "seat_limit": 1, "available_seat": null}}, {"model": "dininghall.table_time", "pk": 30, "fields": {"time": "17:30:00", "session_id": 6, "seat_limit": 1, "available_seat": null}}, {"model": "dininghall.table_time", "pk": 31, "fields": {"time": "18:00:00", "session_id": 6, "seat_limit": 1, "available_seat": null}}, {"model": "dininghall.table_time", "pk": 32, "fields": {"time": "18:30:00", "session_id": 6, "seat_limit": 1, "available_seat": null}}, {"model": "dininghall.table_time", "pk": 33, "fields": {"time": "19:00:00", "session_id": 6, "seat_limit": 1, "available_seat": null}}, {"model": "dininghall.table_time", "pk": 34, "fields": {"time": "19:30:00", "session_id": 6, "seat_limit": 1, "available_seat": null}}, {"model": "dininghall.table_time", "pk": 35, "fields": {"time": "07:00:00", "session_id": 7, "seat_limit": 1, "available_seat": null}}, {"model": "dininghall.table_time", "pk": 36, "fields": {"time": "07:30:00", "session_id": 7, "seat_limit": 1, "available_seat": null}}, {"model": "dininghall.table_time", "pk": 37, "fields": {"time": "08:00:00", "session_id": 7, "seat_limit": 1, "available_seat": null}}, {"model": "dininghall.table_time", "pk": 38, "fields": {"time": "08:30:00", "session_id": 7, "seat_limit": 1, "available_seat": null}}, {"model": "dininghall.table_time", "pk": 39, "fields": {"time": "09:00:00", "session_id": 7, "seat_limit": 1, "available_seat": null}}, {"model": "dininghall.table_time", "pk": 40, "fields": {"time": "11:00:00", "session_id": 8, "seat_limit": 1, "available_seat": null}}, {"model": "dininghall.table_time", "pk": 41, "fields": {"time": "11:30:00", "session_id": 8, "seat_limit": 1, "available_seat": null}}, {"model": "dininghall.table_time", "pk": 42, "fields": {"time": "12:00:00", "session_id": 8, "seat_limit": 1, "available_seat": null}}, {"model": "dininghall.table_time", "pk": 43, "fields": {"time": "12:30:00", "session_id": 8, "seat_limit": 1, "available_seat": null}}, {"model": "dininghall.table_time", "pk": 44, "fields": {"time": "13:00:00", "session_id": 8, "seat_limit": 1, "available_seat": null}}, {"model": "dininghall.table_time", "pk": 45, "fields": {"time": "13:30:00", "session_id": 8, "seat_limit": 1, "available_seat": null}}, {"model": "dininghall.table_time", "pk": 46, "fields": {"time": "17:00:00", "session_id": 9, "seat_limit": 1, "available_seat": null}}, {"model": "dininghall.table_time", "pk": 47, "fields": {"time": "17:30:00", "session_id": 9, "seat_limit": 1, "available_seat": null}}, {"model": "dininghall.table_time", "pk": 48, "fields": {"time": "18:00:00", "session_id": 9, "seat_limit": 1, "available_seat": null}}, {"model": "dininghall.table_time", "pk": 49, "fields": {"time": "18:30:00", "session_id": 9, "seat_limit": 1, "available_seat": null}}, {"model": "dininghall.table_time", "pk": 50, "fields": {"time": "19:00:00", "session_id": 9, "seat_limit": 1, "available_seat": null}}, {"model": "dininghall.table_time", "pk": 51, "fields": {"time": "19:30:00", "session_id": 9, "seat_limit": 1, "available_seat": null}}, {"model": "dininghall.table_time", "pk": 52, "fields": {"time": "07:00:00", "session_id": 10, "seat_limit": 1, "available_seat": null}}, {"model": "dininghall.table_time", "pk": 53, "fields": {"time": "07:30:00", "session_id": 10, "seat_limit": 1, "available_seat": null}}, {"model": "dininghall.table_time", "pk": 54, "fields": {"time": "08:00:00", "session_id": 10, "seat_limit": 1, "available_seat": null}}, {"model": "dininghall.table_time", "pk": 55, "fields": {"time": "08:30:00", "session_id": 10, "seat_limit": 1, "available_seat": null}}, {"model": "dininghall.table_time", "pk": 56, "fields": {"time": "09:00:00", "session_id": 10, "seat_limit": 1, "available_seat": null}}, {"model": "dininghall.table_time", "pk": 57, "fields": {"time": "11:00:00", "session_id": 11, "seat_limit": 1, "available_seat": null}}, {"model": "dininghall.table_time", "pk": 58, "fields": {"time": "11:30:00", "session_id": 11, "seat_limit": 1, "available_seat": null}}, {"model": "dininghall.table_time", "pk": 59, "fields": {"time": "12:00:00", "session_id": 11, "seat_limit": 1, "available_seat": null}}, {"model": "dininghall.table_time", "pk": 60, "fields": {"time": "12:30:00", "session_id": 11, "seat_limit": 1, "available_seat": null}}, {"model": "dininghall.table_time", "pk": 61, "fields": {"time": "13:00:00", "session_id": 11, "seat_limit": 1, "available_seat": null}}, {"model": "dininghall.table_time", "pk": 62, "fields": {"time": "13:30:00", "session_id": 11, "seat_limit": 1, "available_seat": null}}, {"model": "dininghall.table_time", "pk": 63, "fields": {"time": "17:00:00", "session_id": 12, "seat_limit": 1, "available_seat": null}}, {"model": "dininghall.table_time", "pk": 64, "fields": {"time": "17:30:00", "session_id": 12, "seat_limit": 1, "available_seat": null}}, {"model": "dininghall.table_time", "pk": 65, "fields": {"time": "18:00:00", "session_id": 12, "seat_limit": 1, "available_seat": null}}, {"model": "dininghall.table_time", "pk": 66, "fields": {"time": "18:30:00", "session_id": 12, "seat_limit": 1, "available_seat": null}}, {"model": "dininghall.table_time", "pk": 67, "fields": {"time": "19:00:00", "session_id": 12, "seat_limit": 1, "available_seat": null}}, {"model": "dininghall.table_time", "pk": 68, "fields": {"time": "19:30:00", "session_id": 12, "seat_limit": 1, "available_seat": null}}, {"model": "dininghall.table_time", "pk": 69, "fields": {"time": "07:00:00", "session_id": 13, "seat_limit": 1, "available_seat": null}}, {"model": "dininghall.table_time", "pk": 70, "fields": {"time": "07:30:00", "session_id": 13, "seat_limit": 1, "available_seat": null}}, {"model": "dininghall.table_time", "pk": 71, "fields": {"time": "08:00:00", "session_id": 13, "seat_limit": 1, "available_seat": null}}, {"model": "dininghall.table_time", "pk": 72, "fields": {"time": "08:30:00", "session_id": 13, "seat_limit": 1, "available_seat": null}}, {"model": "dininghall.table_time", "pk": 73, "fields": {"time": "09:00:00", "session_id": 13, "seat_limit": 1, "available_seat": null}}, {"model": "dininghall.table_time", "pk": 74, "fields": {"time": "11:00:00", "session_id": 14, "seat_limit": 1, "available_seat": null}}, {"model": "dininghall.table_time", "pk": 75, "fields": {"time": "11:30:00", "session_id": 14, "seat_limit": 1, "available_seat": null}}, {"model": "dininghall.table_time", "pk": 76, "fields": {"time": "12:00:00", "session_id": 14, "seat_limit": 1, "available_seat": null}}, {"model": "dininghall.table_time", "pk": 77, "fields": {"time": "12:30:00", "session_id": 14, "seat_limit": 1, "available_seat": null}}, {"model": "dininghall.table_time", "pk": 78, "fields": {"time": "13:00:00", "session_id": 14, "seat_limit": 1, "available_seat": null}}, {"model": "dininghall.table_time", "pk": 79, "fields": {"time": "13:30:00", "session_id": 14, "seat_limit": 1, "available_seat": null}}, {"model": "dininghall.table_time", "pk": 80, "fields": {"time": "17:00:00", "session_id": 15, "seat_limit": 1, "available_seat": null}}, {"model": "dininghall.table_time", "pk": 81, "fields": {"time": "17:30:00", "session_id": 15, "seat_limit": 1, "available_seat": null}}, {"model": "dininghall.table_time", "pk": 82, "fields": {"time": "18:00:00", "session_id": 15, "seat_limit": 1, "available_seat": null}}, {"model": "dininghall.table_time", "pk": 83, "fields": {"time": "18:30:00", "session_id": 15, "seat_limit": 1, "available_seat": null}}, {"model": "dininghall.table_time", "pk": 84, "fields": {"time": "19:00:00", "session_id": 15, "seat_limit": 1, "available_seat": null}}, {"model": "dininghall.table_time", "pk": 85, "fields": {"time": "19:30:00", "session_id": 15, "seat_limit": 1, "available_seat": null}}, {"model": "dininghall.table_time", "pk": 86, "fields": {"time": "07:00:00", "session_id": 16, "seat_limit": 1, "available_seat": null}}, {"model": "dininghall.table_time", "pk": 87, "fields": {"time": "07:30:00", "session_id": 16, "seat_limit": 1, "available_seat": null}}, {"model": "dininghall.table_time", "pk": 88, "fields": {"time": "08:00:00", "session_id": 16, "seat_limit": 1, "available_seat": null}}, {"model": "dininghall.table_time", "pk": 89, "fields": {"time": "08:30:00", "session_id": 16, "seat_limit": 1, "available_seat": null}}, {"model": "dininghall.table_time", "pk": 90, "fields": {"time": "09:00:00", "session_id": 16, "seat_limit": 1, "available_seat": null}}, {"model": "dininghall.table_time", "pk": 91, "fields": {"time": "11:00:00", "session_id": 17, "seat_limit": 1, "available_seat": null}}, {"model": "dininghall.table_time", "pk": 92, "fields": {"time": "11:30:00", "session_id": 17, "seat_limit": 1, "available_seat": null}}, {"model": "dininghall.table_time", "pk": 93, "fields": {"time": "12:00:00", "session_id": 17, "seat_limit": 1, "available_seat": null}}, {"model": "dininghall.table_time", "pk": 94, "fields": {"time": "12:30:00", "session_id": 17, "seat_limit": 1, "available_seat": null}}, {"model": "dininghall.table_time", "pk": 95, "fields": {"time": "13:00:00", "session_id": 17, "seat_limit": 1, "available_seat": null}}, {"model": "dininghall.table_time", "pk": 96, "fields": {"time": "13:30:00", "session_id": 17, "seat_limit": 1, "available_seat": null}}, {"model": "dininghall.table_time", "pk": 97, "fields": {"time": "17:00:00", "session_id": 18, "seat_limit": 1, "available_seat": null}}, {"model": "dininghall.table_time", "pk": 98, "fields": {"time": "17:30:00", "session_id": 18, "seat_limit": 1, "available_seat": null}}, {"model": "dininghall.table_time", "pk": 99, "fields": {"time": "18:00:00", "session_id": 18, "seat_limit": 1, "available_seat": null}}, {"model": "dininghall.table_time", "pk": 100, "fields": {"time": "18:30:00", "session_id": 18, "seat_limit": 1, "available_seat": null}}, {"model": "dininghall.table_time", "pk": 101, "fields": {"time": "19:00:00", "session_id": 18, "seat_limit": 1, "available_seat": null}}, {"model": "dininghall.table_time", "pk": 102, "fields": {"time": "19:30:00", "session_id": 18, "seat_limit": 1, "available_seat": null}}, {"model": "dininghall.table_time", "pk": 103, "fields": {"time": "07:00:00", "session_id": 19, "seat_limit": 1, "available_seat": null}}, {"model": "dininghall.table_time", "pk": 104, "fields": {"time": "07:30:00", "session_id": 19, "seat_limit": 1, "available_seat": null}}, {"model": "dininghall.table_time", "pk": 105, "fields": {"time": "08:00:00", "session_id": 19, "seat_limit": 1, "available_seat": null}}, {"model": "dininghall.table_time", "pk": 106, "fields": {"time": "08:30:00", "session_id": 19, "seat_limit": 1, "available_seat": null}}, {"model": "dininghall.table_time", "pk": 107, "fields": {"time": "09:00:00", "session_id": 19, "seat_limit": 1, "available_seat": null}}, {"model": "dininghall.table_time", "pk": 108, "fields": {"time": "11:00:00", "session_id": 20, "seat_limit": 1, "available_seat": null}}, {"model": "dininghall.table_time", "pk": 109, "fields": {"time": "11:30:00", "session_id": 20, "seat_limit": 1, "available_seat": null}}, {"model": "dininghall.table_time", "pk": 110, "fields": {"time": "12:00:00", "session_id": 20, "seat_limit": 1, "available_seat": null}}, {"model": "dininghall.table_time", "pk": 111, "fields": {"time": "12:30:00", "session_id": 20, "seat_limit": 1, "available_seat": null}}, {"model": "dininghall.table_time", "pk": 112, "fields": {"time": "13:00:00", "session_id": 20, "seat_limit": 1, "available_seat": null}}, {"model": "dininghall.table_time", "pk": 113, "fields": {"time": "13:30:00", "session_id": 20, "seat_limit": 1, "available_seat": null}}, {"model": "dininghall.table_time", "pk": 114, "fields": {"time": "17:00:00", "session_id": 21, "seat_limit": 1, "available_seat": null}}, {"model": "dininghall.table_time", "pk": 115, "fields": {"time": "17:30:00", "session_id": 21, "seat_limit": 1, "available_seat": null}}, {"model": "dininghall.table_time", "pk": 116, "fields": {"time": "18:00:00", "session_id": 21, "seat_limit": 1, "available_seat": null}}, {"model": "dininghall.table_time", "pk": 117, "fields": {"time": "18:30:00", "session_id": 21, "seat_limit": 1, "available_seat": null}}, {"model": "dininghall.table_time", "pk": 118, "fields": {"time": "19:00:00", "session_id": 21, "seat_limit": 1, "available_seat": null}}, {"model": "dininghall.table_time", "pk": 119, "fields": {"time": "19:30:00", "session_id": 21, "seat_limit": 1, "available_seat": null}}, {"model": "dininghall.table_time", "pk": 120, "fields": {"time": "07:00:00", "session_id": 22, "seat_limit": 1, "available_seat": 0}}, {"model": "dininghall.table_time", "pk": 121, "fields": {"time": "07:30:00", "session_id": 22, "seat_limit": 1, "available_seat": null}}, {"model": "dininghall.table_time", "pk": 122, "fields": {"time": "08:00:00", "session_id": 22, "seat_limit": 1, "available_seat": null}}, {"model": "dininghall.table_time", "pk": 123, "fields": {"time": "08:30:00", "session_id": 22, "seat_limit": 1, "available_seat": null}}, {"model": "dininghall.table_time", "pk": 124, "fields": {"time": "09:00:00", "session_id": 22, "seat_limit": 1, "available_seat": null}}, {"model": "dininghall.table_time", "pk": 125, "fields": {"time": "11:00:00", "session_id": 23, "seat_limit": 1, "available_seat": null}}, {"model": "dininghall.table_time", "pk": 126, "fields": {"time": "11:30:00", "session_id": 23, "seat_limit": 1, "available_seat": null}}, {"model": "dininghall.table_time", "pk": 127, "fields": {"time": "12:00:00", "session_id": 23, "seat_limit": 1, "available_seat": null}}, {"model": "dininghall.table_time", "pk": 128, "fields": {"time": "12:30:00", "session_id": 23, "seat_limit": 1, "available_seat": null}}, {"model": "dininghall.table_time", "pk": 129, "fields": {"time": "13:00:00", "session_id": 23, "seat_limit": 1, "available_seat": null}}, {"model": "dininghall.table_time", "pk": 130, "fields": {"time": "13:30:00", "session_id": 23, "seat_limit": 1, "available_seat": null}}, {"model": "dininghall.table_time", "pk": 131, "fields": {"time": "17:00:00", "session_id": 24, "seat_limit": 1, "available_seat": null}}, {"model": "dininghall.table_time", "pk": 132, "fields": {"time": "17:30:00", "session_id": 24, "seat_limit": 1, "available_seat": null}}, {"model": "dininghall.table_time", "pk": 133, "fields": {"time": "18:00:00", "session_id": 24, "seat_limit": 1, "available_seat": null}}, {"model": "dininghall.table_time", "pk": 134, "fields": {"time": "18:30:00", "session_id": 24, "seat_limit": 1, "available_seat": null}}, {"model": "dininghall.table_time", "pk": 135, "fields": {"time": "19:00:00", "session_id": 24, "seat_limit": 1, "available_seat": null}}, {"model": "dininghall.table_time", "pk": 136, "fields": {"time": "19:30:00", "session_id": 24, "seat_limit": 1, "available_seat": null}}, {"model": "dininghall.table_time", "pk": 137, "fields": {"time": "07:00:00", "session_id": 25, "seat_limit": 1, "available_seat": null}}, {"model": "dininghall.table_time", "pk": 138, "fields": {"time": "07:30:00", "session_id": 25, "seat_limit": 1, "available_seat": null}}, {"model": "dininghall.table_time", "pk": 139, "fields": {"time": "08:00:00", "session_id": 25, "seat_limit": 1, "available_seat": null}}, {"model": "dininghall.table_time", "pk": 140, "fields": {"time": "08:30:00", "session_id": 25, "seat_limit": 1, "available_seat": null}}, {"model": "dininghall.table_time", "pk": 141, "fields": {"time": "09:00:00", "session_id": 25, "seat_limit": 1, "available_seat": null}}, {"model": "dininghall.table_time", "pk": 142, "fields": {"time": "11:00:00", "session_id": 26, "seat_limit": 1, "available_seat": null}}, {"model": "dininghall.table_time", "pk": 143, "fields": {"time": "11:30:00", "session_id": 26, "seat_limit": 1, "available_seat": null}}, {"model": "dininghall.table_time", "pk": 144, "fields": {"time": "12:00:00", "session_id": 26, "seat_limit": 1, "available_seat": null}}, {"model": "dininghall.table_time", "pk": 145, "fields": {"time": "12:30:00", "session_id": 26, "seat_limit": 1, "available_seat": null}}, {"model": "dininghall.table_time", "pk": 146, "fields": {"time": "13:00:00", "session_id": 26, "seat_limit": 1, "available_seat": null}}, {"model": "dininghall.table_time", "pk": 147, "fields": {"time": "13:30:00", "session_id": 26, "seat_limit": 1, "available_seat": null}}, {"model": "dininghall.table_time", "pk": 148, "fields": {"time": "17:00:00", "session_id": 27, "seat_limit": 1, "available_seat": null}}, {"model": "dininghall.table_time", "pk": 149, "fields": {"time": "17:30:00", "session_id": 27, "seat_limit": 1, "available_seat": null}}, {"model": "dininghall.table_time", "pk": 150, "fields": {"time": "18:00:00", "session_id": 27, "seat_limit": 1, "available_seat": null}}, {"model": "dininghall.table_time", "pk": 151, "fields": {"time": "18:30:00", "session_id": 27, "seat_limit": 1, "available_seat": null}}, {"model": "dininghall.table_time", "pk": 152, "fields": {"time": "19:00:00", "session_id": 27, "seat_limit": 1, "available_seat": null}}, {"model": "dininghall.table_time", "pk": 153, "fields": {"time": "19:30:00", "session_id": 27, "seat_limit": 1, "available_seat": null}}, {"model": "dininghall.table_booking_dininghall", "pk": 1, "fields": {"user_id": 4, "session_id": 22, "recommended_time": "07:00:00", "created_at": "2023-06-28T18:31:54.680Z"}}, {"model": "accounts.customuser", "pk": 1, "fields": {"password": "pbkdf2_sha256$600000$FL9rkpkzRPGKuH14dFsa0b$+g1rbLOkZ1bNcHf/pb/IFtp2TZWFbfA8GaJbn2EkCiQ=", "last_login": null, "is_superuser": true, "username": "admin", "first_name": "", "last_name": "", "is_staff": true, "is_active": true, "date_joined": "2023-06-28T18:26:45.389Z", "email": "admin@example.com", "name": "", "role": null, "groups": [], "user_permissions": []}}, {"model": "accounts.customuser", "pk": 2, "fields": {"password": "pbkdf2_sha256$600000$ly7d2LapbLgbThfyzT03go$PZwx9ElNngWkwss8NVB132BMyvHntLnf0Up7MxPiOMQ=", "last_login": "2023-06-28T18:27:22.460Z", "is_superuser": false, "username": "sassas", "first_name": "", "last_name": "", "is_staff": false, "is_active": true, "date_joined": "2023-06-28T18:26:46.675Z", "email": "sas@example.com", "name": "SAS", "role": "sas", "groups": [], "user_permissions": []}}, {"model": "accounts.customuser", "pk": 3, "fields": {"password": "pbkdf2_sha256$600000$9ryU7twxIdlmgKIs6QIwVB$YCrMWXMRjECil6/3fmwqbkcRwdNPY202CUojcyTEwKM=", "last_login": null, "is_superuser": false, "username": "dininghall", "first_name": "", "last_name": "", "is_staff": false, "is_active": true, "date_joined": "2023-06-28T18:26:47.883Z", "email": "dininghall@example.com", "name": "Dining Hall", "role": "dininghall", "groups": [], "user_permissions": []}}, {"model": "accounts.customuser", "pk": 4, "fields": {"password": "pbkdf2_sha256$600000$i7SJ7vlVdZdywx0g4fvBbv$+YxL1nvpccF6kojeqEmE9y5h0qrJ3NqcNm34HgMhD24=", "last_login": "2023-06-28T18:51:53.594Z", "is_superuser": false, "username": "ibda1", "first_name": "", "last_name": "", "is_staff": false, "is_active": true, "date_joined": "2023-06-28T18:28:04.575Z", "email": "ibda1@dummy.com", "name": "Student IBDA", "role": "student", "groups": [], "user_permissions": []}}, {"model": "accounts.customuser", "pk": 5, "fields": {"password": "pbkdf2_sha256$600000$BuBYqX4jiAVawqvVRU64qV$F5p1DGftZ4trA1NBnxF+onY8qSXXTZ/fmBkfxxzCRDg=", "last_login": null, "is_superuser": false, "username": "ibda2", "first_name": "", "last_name": "", "is_staff": false, "is_active": true, "date_joined": "2023-06-28T18:28:04.902Z", "email": "ibda2@dummy.com", "name": "Student IBDA", "role": "student", "groups": [], "user_permissions": []}}, {"model": "accounts.customuser", "pk": 6, "fields": {"password": "pbkdf2_sha256$600000$r5sYoBo8K8ibjYWO6v9Twk$+5vubN8eiLkJbIy/hD6mXLWNCeig/XxcmxHPjh8jK3M=", "last_login": null, "is_superuser": false, "username": "ibda3", "first_name": "", "last_name": "", "is_staff": false, "is_active": true, "date_joined": "2023-06-28T18:28:05.230Z", "email": "ibda3@dummy.com", "name": "Student IBDA", "role": "student", "groups": [], "user_permissions": []}}, {"model": "accounts.customuser", "pk": 7, "fields": {"password": "pbkdf2_sha256$600000$vaUmXI0cIuSfKwNEBQon2g$OogbiJLB0yWjGlNtNQ3mkWjdzlNJFsImrR0zyPig7i8=", "last_login": null, "is_superuser": false, "username": "ibda4", "first_name": "", "last_name": "", "is_staff": false, "is_active": true, "date_joined": "2023-06-28T18:28:05.563Z", "email": "ibda4@dummy.com", "name": "Student IBDA", "role": "student", "groups": [], "user_permissions": []}}, {"model": "accounts.customuser", "pk": 8, "fields": {"password": "pbkdf2_sha256$600000$9I4HBCZDywbcJs39cdeTV2$jr78Tz1xWKpCRMWNo1eA3wt8Tndfms2npN8EGULfq8c=", "last_login": null, "is_superuser": false, "username": "ibda5", "first_name": "", "last_name": "", "is_staff": false, "is_active": true, "date_joined": "2023-06-28T18:28:05.894Z", "email": "ibda5@dummy.com", "name": "Student IBDA", "role": "student", "groups": [], "user_permissions": []}}, {"model": "accounts.customuser", "pk": 9, "fields": {"password": "pbkdf2_sha256$600000$4G1TPhv29BanjXLO9EI9Nf$+p7jZS+qGjJD5nSRiuQvczCNu75DoqQucAVzoyJe0aY=", "last_login": null, "is_superuser": false, "username": "ibda6", "first_name": "", "last_name": "", "is_staff": false, "is_active": true, "date_joined": "2023-06-28T18:28:06.226Z", "email": "ibda6@dummy.com", "name": "Student IBDA", "role": "student", "groups": [], "user_permissions": []}}, {"model": "accounts.customuser", "pk": 10, "fields": {"password": "pbkdf2_sha256$600000$fKWDro5gKefQOc3rb6TXjd$rUuuuSdB6HMpWbGd1Jx7oj1ukg6+Az8cDSVNOgWg6J4=", "last_login": null, "is_superuser": false, "username": "ibda7", "first_name": "", "last_name": "", "is_staff": false, "is_active": true, "date_joined": "2023-06-28T18:28:06.552Z", "email": "ibda7@dummy.com", "name": "Student IBDA", "role": "student", "groups": [], "user_permissions": []}}, {"model": "accounts.customuser", "pk": 11, "fields": {"password": "pbkdf2_sha256$600000$rk506K2s5EG9MSsfoYUSgR$JrsDC7CZ6C5N6JE1zfd9G6oIuBOKloWtT+ImfTcVeic=", "last_login": null, "is_superuser": false, "username": "ibda8", "first_name": "", "last_name": "", "is_staff": false, "is_active": true, "date_joined": "2023-06-28T18:28:06.880Z", "email": "ibda8@dummy.com", "name": "Student IBDA", "role": "student", "groups": [], "user_permissions": []}}, {"model": "accounts.customuser", "pk": 12, "fields": {"password": "pbkdf2_sha256$600000$pOuCoFIHVwpJH3sLMbPpTV$T1Zc16GD5oTvMe49EsAZrL4ZneghuJFhDGyx1uljYDE=", "last_login": null, "is_superuser": false, "username": "ibda9", "first_name": "", "last_name": "", "is_staff": false, "is_active": true, "date_joined": "2023-06-28T18:28:07.211Z", "email": "ibda9@dummy.com", "name": "Student IBDA", "role": "student", "groups": [], "user_permissions": []}}, {"model": "accounts.customuser", "pk": 13, "fields": {"password": "pbkdf2_sha256$600000$lSRdrTJzg2ZAG7NOfmnfLL$FjgkxVwbXRr/wpk1DP9lxVrQJbzJ3G1vde6rarT4bGA=", "last_login": null, "is_superuser": false, "username": "ibda10", "first_name": "", "last_name": "", "is_staff": false, "is_active": true, "date_joined": "2023-06-28T18:28:07.541Z", "email": "ibda10@dummy.com", "name": "Student IBDA", "role": "student", "groups": [], "user_permissions": []}}, {"model": "accounts.customuser", "pk": 14, "fields": {"password": "pbkdf2_sha256$600000$gXkzHtiR400rkyrZyh4HU9$R5N4L1QZtmBW88uBZ+Mfzi77u+MJiBOGKrUn7xvgKKo=", "last_login": null, "is_superuser": false, "username": "ibda11", "first_name": "", "last_name": "", "is_staff": false, "is_active": true, "date_joined": "2023-06-28T18:28:07.882Z", "email": "ibda11@dummy.com", "name": "Student IBDA", "role": "student", "groups": [], "user_permissions": []}}, {"model": "accounts.customuser", "pk": 15, "fields": {"password": "pbkdf2_sha256$600000$SMfcJu5Yko2tvb9qSgCo6B$WEstTd59lqSmsguzNdCSSR5TSrx/mDexLpzdkQYhpMY=", "last_login": null, "is_superuser": false, "username": "ibda12", "first_name": "", "last_name": "", "is_staff": false, "is_active": true, "date_joined": "2023-06-28T18:28:08.211Z", "email": "ibda12@dummy.com", "name": "Student IBDA", "role": "student", "groups": [], "user_permissions": []}}, {"model": "accounts.customuser", "pk": 16, "fields": {"password": "pbkdf2_sha256$600000$ZmOcLhNCGvnlKsShAZmv4m$fUTLUGusiNzfET5kqhd4Vzln1HSC97Eygebeh+YLfjE=", "last_login": null, "is_superuser": false, "username": "ibda13", "first_name": "", "last_name": "", "is_staff": false, "is_active": true, "date_joined": "2023-06-28T18:28:08.541Z", "email": "ibda13@dummy.com", "name": "Student IBDA", "role": "student", "groups": [], "user_permissions": []}}, {"model": "accounts.customuser", "pk": 17, "fields": {"password": "pbkdf2_sha256$600000$HjusbTEvyOQfcOKphacFdF$XGxFsVvXjeBj1LF2r2nGNpHpOFZzNMk4Br2Ki0xC7Xg=", "last_login": null, "is_superuser": false, "username": "ibda14", "first_name": "", "last_name": "", "is_staff": false, "is_active": true, "date_joined": "2023-06-28T18:28:08.870Z", "email": "ibda14@dummy.com", "name": "Student IBDA", "role": "student", "groups": [], "user_permissions": []}}, {"model": "accounts.customuser", "pk": 18, "fields": {"password": "pbkdf2_sha256$600000$R4siAqhTz98gFULZqn94Zw$iegkBsHNpsfCp5nZqAJrBon4vxDhrHfOKEpPjryLUFU=", "last_login": null, "is_superuser": false, "username": "ibda15", "first_name": "", "last_name": "", "is_staff": false, "is_active": true, "date_joined": "2023-06-28T18:28:09.204Z", "email": "ibda15@dummy.com", "name": "Student IBDA", "role": "student", "groups": [], "user_permissions": []}}, {"model": "accounts.customuser", "pk": 19, "fields": {"password": "pbkdf2_sha256$600000$aSSfaTDX9t0DrRhwZ9L5sZ$RQpZVqyzzV6z//pnrN49jEu1J36uLi6TAUCfmFf3MzM=", "last_login": null, "is_superuser": false, "username": "ibda16", "first_name": "", "last_name": "", "is_staff": false, "is_active": true, "date_joined": "2023-06-28T18:28:09.535Z", "email": "ibda16@dummy.com", "name": "Student IBDA", "role": "student", "groups": [], "user_permissions": []}}, {"model": "accounts.customuser", "pk": 20, "fields": {"password": "pbkdf2_sha256$600000$lVf7WXwmpue97MpQgRkU5X$sg2lPUAmq8KTDbF0wf01MQXl0YW+Y5iI5OjHd/bVRv4=", "last_login": null, "is_superuser": false, "username": "ibda17", "first_name": "", "last_name": "", "is_staff": false, "is_active": true, "date_joined": "2023-06-28T18:28:09.865Z", "email": "ibda17@dummy.com", "name": "Student IBDA", "role": "student", "groups": [], "user_permissions": []}}, {"model": "accounts.customuser", "pk": 21, "fields": {"password": "pbkdf2_sha256$600000$G7MJNEKYoH7Rmkxhm6JnD2$KeSso53BvHgzEYvvBLFNagu8aZr6nvp1xgf0xVjDuLE=", "last_login": null, "is_superuser": false, "username": "ibda18", "first_name": "", "last_name": "", "is_staff": false, "is_active": true, "date_joined": "2023-06-28T18:28:10.198Z", "email": "ibda18@dummy.com", "name": "Student IBDA", "role": "student", "groups": [], "user_permissions": []}}, {"model": "accounts.customuser", "pk": 22, "fields": {"password": "pbkdf2_sha256$600000$HXblhqPJ3lgEfeRNilXmRR$rcNxDzCOOh1qe8563qwUemagwlOpC4FZFlmKMGqxyzY=", "last_login": null, "is_superuser": false, "username": "ibda19", "first_name": "", "last_name": "", "is_staff": false, "is_active": true, "date_joined": "2023-06-28T18:28:10.530Z", "email": "ibda19@dummy.com", "name": "Student IBDA", "role": "student", "groups": [], "user_permissions": []}}, {"model": "accounts.customuser", "pk": 23, "fields": {"password": "pbkdf2_sha256$600000$Xh9ZKJPcUAWZioINTv3OzZ$U9LGYAyJgzEJLP/oU1x7NZeL1/cYqlzdlmDBO8Ptfx4=", "last_login": null, "is_superuser": false, "username": "ibda20", "first_name": "", "last_name": "", "is_staff": false, "is_active": true, "date_joined": "2023-06-28T18:28:10.860Z", "email": "ibda20@dummy.com", "name": "Student IBDA", "role": "student", "groups": [], "user_permissions": []}}, {"model": "accounts.customuser", "pk": 24, "fields": {"password": "pbkdf2_sha256$600000$n7QrjnUsaBIKfzjxCb4YtZ$Iess5UNsw7t8asxp1I3IKRLAb6/WN3LIepMKEJ2Q1WE=", "last_login": null, "is_superuser": false, "username": "iee1", "first_name": "", "last_name": "", "is_staff": false, "is_active": true, "date_joined": "2023-06-28T18:28:11.191Z", "email": "iee1@dummy.com", "name": "Student IEE", "role": "student", "groups": [], "user_permissions": []}}, {"model": "accounts.customuser", "pk": 25, "fields": {"password": "pbkdf2_sha256$600000$qUj3iSKA4wFhGvmTPHroPt$snfg1gtNtL5v96O+FH/OwUVqQtzg4ny6+sf+WFnlioM=", "last_login": null, "is_superuser": false, "username": "iee2", "first_name": "", "last_name": "", "is_staff": false, "is_active": true, "date_joined": "2023-06-28T18:28:11.524Z", "email": "iee2@dummy.com", "name": "Student IEE", "role": "student", "groups": [], "user_permissions": []}}, {"model": "accounts.customuser", "pk": 26, "fields": {"password": "pbkdf2_sha256$600000$XJ5FK4hh7r2k3Ql2zdwjxb$CJ8fZwNNHEtqWogcQluJ7v1YgmGCtd4/2hkAv/OqNmM=", "last_login": null, "is_superuser": false, "username": "iee3", "first_name": "", "last_name": "", "is_staff": false, "is_active": true, "date_joined": "2023-06-28T18:28:11.854Z", "email": "iee3@dummy.com", "name": "Student IEE", "role": "student", "groups": [], "user_permissions": []}}, {"model": "accounts.customuser", "pk": 27, "fields": {"password": "pbkdf2_sha256$600000$qY02s15kL1tfG1gpQf1xvo$WlJA9UwOPA/AXLp3tdEiB/A/0UgyPA10DK5wGluNOAA=", "last_login": null, "is_superuser": false, "username": "iee4", "first_name": "", "last_name": "", "is_staff": false, "is_active": true, "date_joined": "2023-06-28T18:28:12.175Z", "email": "iee4@dummy.com", "name": "Student IEE", "role": "student", "groups": [], "user_permissions": []}}, {"model": "accounts.customuser", "pk": 28, "fields": {"password": "pbkdf2_sha256$600000$KtU51RB6G9FJHml6oAXrlz$1QHSFHYuKmWG9Nvr6LPdDPP9xAUJ3FczENFYr6VYnsY=", "last_login": null, "is_superuser": false, "username": "iee5", "first_name": "", "last_name": "", "is_staff": false, "is_active": true, "date_joined": "2023-06-28T18:28:12.499Z", "email": "iee5@dummy.com", "name": "Student IEE", "role": "student", "groups": [], "user_permissions": []}}, {"model": "accounts.customuser", "pk": 29, "fields": {"password": "pbkdf2_sha256$600000$nyniDwo8vcdvG1NxRpnKuh$Dt75hpdCfKap6U8f2tz1gahvyTbQOjLoiBeJ78woe0I=", "last_login": null, "is_superuser": false, "username": "iee6", "first_name": "", "last_name": "", "is_staff": false, "is_active": true, "date_joined": "2023-06-28T18:28:12.824Z", "email": "iee6@dummy.com", "name": "Student IEE", "role": "student", "groups": [], "user_permissions": []}}, {"model": "accounts.customuser", "pk": 30, "fields": {"password": "pbkdf2_sha256$600000$jMHvC2mEo9SVXKvHmlK7RK$g/sx/euw544bKY0VcW8Dp+DIM+K5QlnmaSreV1Wa/aE=", "last_login": null, "is_superuser": false, "username": "iee7", "first_name": "", "last_name": "", "is_staff": false, "is_active": true, "date_joined": "2023-06-28T18:28:13.148Z", "email": "iee7@dummy.com", "name": "Student IEE", "role": "student", "groups": [], "user_permissions": []}}, {"model": "accounts.customuser", "pk": 31, "fields": {"password": "pbkdf2_sha256$600000$DlmMA7vggCzMc0sGOVCsgB$2siitBBQimZs7QqNaQo8KjFgPlkIwjEMK2IyG9D0ScY=", "last_login": null, "is_superuser": false, "username": "iee8", "first_name": "", "last_name": "", "is_staff": false, "is_active": true, "date_joined": "2023-06-28T18:28:13.480Z", "email": "iee8@dummy.com", "name": "Student IEE", "role": "student", "groups": [], "user_permissions": []}}, {"model": "accounts.customuser", "pk": 32, "fields": {"password": "pbkdf2_sha256$600000$VKLAAWwFX8slFugZzu3Xrn$yJm45S6y/kFlAgE/LGtGNZb1rMggQnUC+2asrUWZpmk=", "last_login": null, "is_superuser": false, "username": "iee9", "first_name": "", "last_name": "", "is_staff": false, "is_active": true, "date_joined": "2023-06-28T18:28:13.805Z", "email": "iee9@dummy.com", "name": "Student IEE", "role": "student", "groups": [], "user_permissions": []}}, {"model": "accounts.customuser", "pk": 33, "fields": {"password": "pbkdf2_sha256$600000$f980b3i9JRpxCGlbLXIcS2$KurhwlkaN/HiKbV0vspyB50Essn1+vg6X8kpYj4q5lI=", "last_login": null, "is_superuser": false, "username": "iee10", "first_name": "", "last_name": "", "is_staff": false, "is_active": true, "date_joined": "2023-06-28T18:28:14.135Z", "email": "iee10@dummy.com", "name": "Student IEE", "role": "student", "groups": [], "user_permissions": []}}, {"model": "accounts.customuser", "pk": 34, "fields": {"password": "pbkdf2_sha256$600000$GG95caYPmhuHngHeNR79kD$u3PSjp3s8OD7IhI0mw99yJKBAJpcppTeoRYAosf7uAM=", "last_login": null, "is_superuser": false, "username": "iee11", "first_name": "", "last_name": "", "is_staff": false, "is_active": true, "date_joined": "2023-06-28T18:28:14.458Z", "email": "iee11@dummy.com", "name": "Student IEE", "role": "student", "groups": [], "user_permissions": []}}, {"model": "accounts.customuser", "pk": 35, "fields": {"password": "pbkdf2_sha256$600000$IL5fZ7AIHmZjQGu9gWtMa8$fZxGsb7hM4XyURBt7yFvtHDGZR8zfVXLlxQdK10mBbw=", "last_login": null, "is_superuser": false, "username": "iee12", "first_name": "", "last_name": "", "is_staff": false, "is_active": true, "date_joined": "2023-06-28T18:28:14.789Z", "email": "iee12@dummy.com", "name": "Student IEE", "role": "student", "groups": [], "user_permissions": []}}, {"model": "accounts.customuser", "pk": 36, "fields": {"password": "pbkdf2_sha256$600000$fK4O6bQ3AM1P3W9YvzPmul$+5dpf7N7IrWTEKD9Lkr1iQJL4qNmt6XDqVGVSIJKhso=", "last_login": null, "is_superuser": false, "username": "iee13", "first_name": "", "last_name": "", "is_staff": false, "is_active": true, "date_joined": "2023-06-28T18:28:15.128Z", "email": "iee13@dummy.com", "name": "Student IEE", "role": "student", "groups": [], "user_permissions": []}}, {"model": "accounts.customuser", "pk": 37, "fields": {"password": "pbkdf2_sha256$600000$DopzWsz2TNw6NW6YdYvOgs$YwbHTjlBu5AuXO20c1boDpdZafqfQQGAN+Jk3m4/0jY=", "last_login": null, "is_superuser": false, "username": "iee14", "first_name": "", "last_name": "", "is_staff": false, "is_active": true, "date_joined": "2023-06-28T18:28:15.462Z", "email": "iee14@dummy.com", "name": "Student IEE", "role": "student", "groups": [], "user_permissions": []}}, {"model": "accounts.customuser", "pk": 38, "fields": {"password": "pbkdf2_sha256$600000$kP2olYoyl6ScZrgm11GN0U$eNG5NILV0pTYMv7VK7RWI3O2VC7LVVfJzykfvOkgk70=", "last_login": null, "is_superuser": false, "username": "iee15", "first_name": "", "last_name": "", "is_staff": false, "is_active": true, "date_joined": "2023-06-28T18:28:15.791Z", "email": "iee15@dummy.com", "name": "Student IEE", "role": "student", "groups": [], "user_permissions": []}}, {"model": "accounts.customuser", "pk": 39, "fields": {"password": "pbkdf2_sha256$600000$aBWYs1aDVTCH75EJ8npWGl$/i6a4+nrsF/vtGMo4qRsiYs+uQsB9TuEk5Fp7Qkw2Kc=", "last_login": null, "is_superuser": false, "username": "iee16", "first_name": "", "last_name": "", "is_staff": false, "is_active": true, "date_joined": "2023-06-28T18:28:16.124Z", "email": "iee16@dummy.com", "name": "Student IEE", "role": "student", "groups": [], "user_permissions": []}}, {"model": "accounts.customuser", "pk": 40, "fields": {"password": "pbkdf2_sha256$600000$wEgZJlp1XWmzI8aGnyBhoZ$NYDGVYCPq5M4B5VhrgbzFAgNzeIIXsJMmVLgXkWqpfU=", "last_login": null, "is_superuser": false, "username": "iee17", "first_name": "", "last_name": "", "is_staff": false, "is_active": true, "date_joined": "2023-06-28T18:28:16.441Z", "email": "iee17@dummy.com", "name": "Student IEE", "role": "student", "groups": [], "user_permissions": []}}, {"model": "accounts.customuser", "pk": 41, "fields": {"password": "pbkdf2_sha256$600000$RHGKqXmUQVlv5eSSZ5G4aI$qGGTfH0OjrxzuTArk7nrUOF8quhUhgwmoeShp0JXYE4=", "last_login": null, "is_superuser": false, "username": "iee18", "first_name": "", "last_name": "", "is_staff": false, "is_active": true, "date_joined": "2023-06-28T18:28:16.761Z", "email": "iee18@dummy.com", "name": "Student IEE", "role": "student", "groups": [], "user_permissions": []}}, {"model": "accounts.customuser", "pk": 42, "fields": {"password": "pbkdf2_sha256$600000$6R98PxMI86uvIT0t5gTNbM$ef5LCJjxSoTy411P6uhtiTbFH4K7yUrHsHbF3hKku+8=", "last_login": null, "is_superuser": false, "username": "iee19", "first_name": "", "last_name": "", "is_staff": false, "is_active": true, "date_joined": "2023-06-28T18:28:17.082Z", "email": "iee19@dummy.com", "name": "Student IEE", "role": "student", "groups": [], "user_permissions": []}}, {"model": "accounts.customuser", "pk": 43, "fields": {"password": "pbkdf2_sha256$600000$7WG1y9lTQpMylgoDzDowhl$j12M8Kzerj2YeOeNCaLsaY/fnX4mnxOQM9nc3snG/xM=", "last_login": null, "is_superuser": false, "username": "iee20", "first_name": "", "last_name": "", "is_staff": false, "is_active": true, "date_joined": "2023-06-28T18:28:17.419Z", "email": "iee20@dummy.com", "name": "Student IEE", "role": "student", "groups": [], "user_permissions": []}}, {"model": "accounts.customuser", "pk": 44, "fields": {"password": "pbkdf2_sha256$600000$loX9F6uCRLojlcrZKd74so$uXE4256seoie+GTbyZLG0JHZvQPdDFD9G0mGnPtSkdw=", "last_login": null, "is_superuser": false, "username": "cfp1", "first_name": "", "last_name": "", "is_staff": false, "is_active": true, "date_joined": "2023-06-28T18:28:17.756Z", "email": "cfp1@dummy.com", "name": "Student CFP", "role": "student", "groups": [], "user_permissions": []}}, {"model": "accounts.customuser", "pk": 45, "fields": {"password": "pbkdf2_sha256$600000$r2XSvBdk3WfO4brLjxGRUS$AlDUbIkUL/KAHOn/4z9GlRwYB7NAWLGQnXDdQfaKqYo=", "last_login": null, "is_superuser": false, "username": "cfp2", "first_name": "", "last_name": "", "is_staff": false, "is_active": true, "date_joined": "2023-06-28T18:28:18.098Z", "email": "cfp2@dummy.com", "name": "Student CFP", "role": "student", "groups": [], "user_permissions": []}}, {"model": "accounts.customuser", "pk": 46, "fields": {"password": "pbkdf2_sha256$600000$TYRloXc4YQmm4DdHOLY0Nc$Nb6IzkK/+T8y2FMOD5wu4tf0i6OnGxz3HfanlxFCsdk=", "last_login": null, "is_superuser": false, "username": "cfp3", "first_name": "", "last_name": "", "is_staff": false, "is_active": true, "date_joined": "2023-06-28T18:28:18.438Z", "email": "cfp3@dummy.com", "name": "Student CFP", "role": "student", "groups": [], "user_permissions": []}}, {"model": "accounts.customuser", "pk": 47, "fields": {"password": "pbkdf2_sha256$600000$eai8yjv4Sx9hD9C7dUdDqg$q/EP9u55QmXG/bfNBGJ/Rolxeompo8P7WZhrNIV7UmM=", "last_login": null, "is_superuser": false, "username": "cfp4", "first_name": "", "last_name": "", "is_staff": false, "is_active": true, "date_joined": "2023-06-28T18:28:18.778Z", "email": "cfp4@dummy.com", "name": "Student CFP", "role": "student", "groups": [], "user_permissions": []}}, {"model": "accounts.customuser", "pk": 48, "fields": {"password": "pbkdf2_sha256$600000$ElcNjPswnYkDaGSFnpCCmt$5twqw56j0TmdvdSiadEXqavrJo1D7ccAWiqs5IYZaDQ=", "last_login": null, "is_superuser": false, "username": "cfp5", "first_name": "", "last_name": "", "is_staff": false, "is_active": true, "date_joined": "2023-06-28T18:28:19.121Z", "email": "cfp5@dummy.com", "name": "Student CFP", "role": "student", "groups": [], "user_permissions": []}}, {"model": "accounts.customuser", "pk": 49, "fields": {"password": "pbkdf2_sha256$600000$18lLO5ucR3423bJptonPKm$SiKBcarA/71iNyxyzt5qCS78Veuqp5yxZDNOcqRC2Nk=", "last_login": null, "is_superuser": false, "username": "cfp6", "first_name": "", "last_name": "", "is_staff": false, "is_active": true, "date_joined": "2023-06-28T18:28:19.448Z", "email": "cfp6@dummy.com", "name": "Student CFP", "role": "student", "groups": [], "user_permissions": []}}, {"model": "accounts.customuser", "pk": 50, "fields": {"password": "pbkdf2_sha256$600000$ihaAptgGD7mjQ7rqcz8nJ9$l35CO42rTfgQVUo/k+4V+5/OijPyUe0ov6EhIdvNHx4=", "last_login": null, "is_superuser": false, "username": "cfp7", "first_name": "", "last_name": "", "is_staff": false, "is_active": true, "date_joined": "2023-06-28T18:28:19.780Z", "email": "cfp7@dummy.com", "name": "Student CFP", "role": "student", "groups": [], "user_permissions": []}}, {"model": "accounts.customuser", "pk": 51, "fields": {"password": "pbkdf2_sha256$600000$vnRCAZUwZ3yfddlCaRnd22$t8gZgTa0oB06FCcYHaCB9IfqZBaeWZGX5HzUkbHu/Ko=", "last_login": null, "is_superuser": false, "username": "cfp8", "first_name": "", "last_name": "", "is_staff": false, "is_active": true, "date_joined": "2023-06-28T18:28:20.113Z", "email": "cfp8@dummy.com", "name": "Student CFP", "role": "student", "groups": [], "user_permissions": []}}, {"model": "accounts.customuser", "pk": 52, "fields": {"password": "pbkdf2_sha256$600000$AstyqY6dylAafjW61XVb9e$N7S8nUb/jOJmulL+SCGaQ/p3uY79ddC2lM7w3mHdL88=", "last_login": null, "is_superuser": false, "username": "cfp9", "first_name": "", "last_name": "", "is_staff": false, "is_active": true, "date_joined": "2023-06-28T18:28:20.447Z", "email": "cfp9@dummy.com", "name": "Student CFP", "role": "student", "groups": [], "user_permissions": []}}, {"model": "accounts.customuser", "pk": 53, "fields": {"password": "pbkdf2_sha256$600000$9YThwoT0vMfG2gHz97gF3L$1x4WZT91qwK8sgBXSrrgWEEDJ7St0L8+dUSS6261WwM=", "last_login": null, "is_superuser": false, "username": "cfp10", "first_name": "", "last_name": "", "is_staff": false, "is_active": true, "date_joined": "2023-06-28T18:28:20.779Z", "email": "cfp10@dummy.com", "name": "Student CFP", "role": "student", "groups": [], "user_permissions": []}}, {"model": "accounts.customuser", "pk": 54, "fields": {"password": "pbkdf2_sha256$600000$TdhhjTaN1yYmjiPdKUztTp$44Qqp+XOJmGoHocl++cHtb7szyL88zsRBslBJm5UgY0=", "last_login": null, "is_superuser": false, "username": "cfp11", "first_name": "", "last_name": "", "is_staff": false, "is_active": true, "date_joined": "2023-06-28T18:28:21.106Z", "email": "cfp11@dummy.com", "name": "Student CFP", "role": "student", "groups": [], "user_permissions": []}}, {"model": "accounts.customuser", "pk": 55, "fields": {"password": "pbkdf2_sha256$600000$431ublwme3NxCgp3mLfnds$YTC2pUrsbTM6HNJL2LqUiCpSr27dbUie3s3nrzNOHWA=", "last_login": null, "is_superuser": false, "username": "cfp12", "first_name": "", "last_name": "", "is_staff": false, "is_active": true, "date_joined": "2023-06-28T18:28:21.446Z", "email": "cfp12@dummy.com", "name": "Student CFP", "role": "student", "groups": [], "user_permissions": []}}, {"model": "accounts.customuser", "pk": 56, "fields": {"password": "pbkdf2_sha256$600000$srDsfZutJM9bifd57mphuF$MiTpeg8LWgGEyTxUZS8YmJexL4pnicMkK4PmZuFVCoA=", "last_login": null, "is_superuser": false, "username": "cfp13", "first_name": "", "last_name": "", "is_staff": false, "is_active": true, "date_joined": "2023-06-28T18:28:21.781Z", "email": "cfp13@dummy.com", "name": "Student CFP", "role": "student", "groups": [], "user_permissions": []}}, {"model": "accounts.customuser", "pk": 57, "fields": {"password": "pbkdf2_sha256$600000$IEi2nJMqomVPyy2w0PzOSB$ORPfdg53IPZmznjcfNDDsUmRTsrsTHnXxbW6r7mTSvw=", "last_login": null, "is_superuser": false, "username": "cfp14", "first_name": "", "last_name": "", "is_staff": false, "is_active": true, "date_joined": "2023-06-28T18:28:22.107Z", "email": "cfp14@dummy.com", "name": "Student CFP", "role": "student", "groups": [], "user_permissions": []}}, {"model": "accounts.customuser", "pk": 58, "fields": {"password": "pbkdf2_sha256$600000$2frwbv8U66x6RwjjCTRulC$7itFtif1kRBltS+v8LK6P4XVQRJkQkXKRRcEP8+ygKs=", "last_login": null, "is_superuser": false, "username": "cfp15", "first_name": "", "last_name": "", "is_staff": false, "is_active": true, "date_joined": "2023-06-28T18:28:22.443Z", "email": "cfp15@dummy.com", "name": "Student CFP", "role": "student", "groups": [], "user_permissions": []}}, {"model": "accounts.customuser", "pk": 59, "fields": {"password": "pbkdf2_sha256$600000$Xi7t1ehYJGlx2Yc5cSoANY$oC0m83moNJaHnhMf+H0D1DB5C+I9KNlkyKmjTaWXOKo=", "last_login": null, "is_superuser": false, "username": "cfp16", "first_name": "", "last_name": "", "is_staff": false, "is_active": true, "date_joined": "2023-06-28T18:28:22.776Z", "email": "cfp16@dummy.com", "name": "Student CFP", "role": "student", "groups": [], "user_permissions": []}}, {"model": "accounts.customuser", "pk": 60, "fields": {"password": "pbkdf2_sha256$600000$6pdKDKJApjjdacTiGAlRIh$sH/RoYUF4PAtBsdEu+J7+4DXuaTqbrtg9s9+oiuaQrw=", "last_login": null, "is_superuser": false, "username": "cfp17", "first_name": "", "last_name": "", "is_staff": false, "is_active": true, "date_joined": "2023-06-28T18:28:23.101Z", "email": "cfp17@dummy.com", "name": "Student CFP", "role": "student", "groups": [], "user_permissions": []}}, {"model": "accounts.customuser", "pk": 61, "fields": {"password": "pbkdf2_sha256$600000$kSf8lonAjw2BoPwEnKneaU$F74WORjJLsaDALPAcuLRaNLDLYfQdYI7Y56JYcM0NC4=", "last_login": null, "is_superuser": false, "username": "cfp18", "first_name": "", "last_name": "", "is_staff": false, "is_active": true, "date_joined": "2023-06-28T18:28:23.424Z", "email": "cfp18@dummy.com", "name": "Student CFP", "role": "student", "groups": [], "user_permissions": []}}, {"model": "accounts.customuser", "pk": 62, "fields": {"password": "pbkdf2_sha256$600000$M5m44BA6gtxIMhL2PdR6vO$5UcfC9O2SU5Ifwze1h7M1/nxQ7q6+tdj+7b0y6epwCk=", "last_login": null, "is_superuser": false, "username": "cfp19", "first_name": "", "last_name": "", "is_staff": false, "is_active": true, "date_joined": "2023-06-28T18:28:23.759Z", "email": "cfp19@dummy.com", "name": "Student CFP", "role": "student", "groups": [], "user_permissions": []}}, {"model": "accounts.customuser", "pk": 63, "fields": {"password": "pbkdf2_sha256$600000$qPzdsqPTgFBOhsEU546MFj$lDAbAlC6CJsHZEDlNsqo8gmVFcN+BHHD62z8Y2lDwr0=", "last_login": null, "is_superuser": false, "username": "cfp20", "first_name": "", "last_name": "", "is_staff": false, "is_active": true, "date_joined": "2023-06-28T18:28:24.087Z", "email": "cfp20@dummy.com", "name": "Student CFP", "role": "student", "groups": [], "user_permissions": []}}, {"model": "accounts.customuser", "pk": 64, "fields": {"password": "pbkdf2_sha256$600000$7yx6asj3qaVGb4Qqp8SSeE$7rLSkKK7ETpyciy2UMHC9x92MeN4YtEFJo/08OGf2RA=", "last_login": null, "is_superuser": false, "username": "bms1", "first_name": "", "last_name": "", "is_staff": false, "is_active": true, "date_joined": "2023-06-28T18:28:24.420Z", "email": "bms1@dummy.com", "name": "Student BMS", "role": "student", "groups": [], "user_permissions": []}}, {"model": "accounts.customuser", "pk": 65, "fields": {"password": "pbkdf2_sha256$600000$drQ2oNiEJWDrmJsKttEfi7$zoJmofN61KDg72YNDBf3AYYtddxtIEujFpJTsJUKofw=", "last_login": null, "is_superuser": false, "username": "bms2", "first_name": "", "last_name": "", "is_staff": false, "is_active": true, "date_joined": "2023-06-28T18:28:24.761Z", "email": "bms2@dummy.com", "name": "Student BMS", "role": "student", "groups": [], "user_permissions": []}}, {"model": "accounts.customuser", "pk": 66, "fields": {"password": "pbkdf2_sha256$600000$fEHHdlCHo8weIGFHNyky48$xSAqiWHmbZBM00fq1wMBtLrE38XYZg70FAMDhT7osII=", "last_login": null, "is_superuser": false, "username": "bms3", "first_name": "", "last_name": "", "is_staff": false, "is_active": true, "date_joined": "2023-06-28T18:28:25.084Z", "email": "bms3@dummy.com", "name": "Student BMS", "role": "student", "groups": [], "user_permissions": []}}, {"model": "accounts.customuser", "pk": 67, "fields": {"password": "pbkdf2_sha256$600000$7LOWBPoq9vi1jFn9WWxgNN$XuroB8/z3t4MN6nVL934LA2KZ4Hjuq//WXsimbRPlTE=", "last_login": null, "is_superuser": false, "username": "bms4", "first_name": "", "last_name": "", "is_staff": false, "is_active": true, "date_joined": "2023-06-28T18:28:25.418Z", "email": "bms4@dummy.com", "name": "Student BMS", "role": "student", "groups": [], "user_permissions": []}}, {"model": "accounts.customuser", "pk": 68, "fields": {"password": "pbkdf2_sha256$600000$pubkX71ZhcvFPa3qbhmZqq$Ro9Kxo/qP2999dBInjEtjf0rS+hJawFt8zwhl7BLRUQ=", "last_login": null, "is_superuser": false, "username": "bms5", "first_name": "", "last_name": "", "is_staff": false, "is_active": true, "date_joined": "2023-06-28T18:28:25.754Z", "email": "bms5@dummy.com", "name": "Student BMS", "role": "student", "groups": [], "user_permissions": []}}, {"model": "accounts.customuser", "pk": 69, "fields": {"password": "pbkdf2_sha256$600000$lXATNXaRnx5EcAYcGofpBE$rejf0TMfYQ6eSKf1w7j3y1oiczb5Dl4/K5SRh+yRXgo=", "last_login": null, "is_superuser": false, "username": "bms6", "first_name": "", "last_name": "", "is_staff": false, "is_active": true, "date_joined": "2023-06-28T18:28:26.078Z", "email": "bms6@dummy.com", "name": "Student BMS", "role": "student", "groups": [], "user_permissions": []}}, {"model": "accounts.customuser", "pk": 70, "fields": {"password": "pbkdf2_sha256$600000$Pq5wkGvjH7GIoBQIPzDXO0$usKSUTjE+xmmWW5opgwvvSezBLh45ZdtVyXdJjPsYPs=", "last_login": null, "is_superuser": false, "username": "bms7", "first_name": "", "last_name": "", "is_staff": false, "is_active": true, "date_joined": "2023-06-28T18:28:26.406Z", "email": "bms7@dummy.com", "name": "Student BMS", "role": "student", "groups": [], "user_permissions": []}}, {"model": "accounts.customuser", "pk": 71, "fields": {"password": "pbkdf2_sha256$600000$rE51O1KG4v15xn1gPY8uQK$ZHdmM0jTslRNfmNGNh417su3hg/xsgU3NY7reumWKa8=", "last_login": null, "is_superuser": false, "username": "bms8", "first_name": "", "last_name": "", "is_staff": false, "is_active": true, "date_joined": "2023-06-28T18:28:26.742Z", "email": "bms8@dummy.com", "name": "Student BMS", "role": "student", "groups": [], "user_permissions": []}}, {"model": "accounts.customuser", "pk": 72, "fields": {"password": "pbkdf2_sha256$600000$VMkflVxAJiW1OV5PPujaQm$3rG0rniyk5o5z51bIQh7JLkJbQnieI8aOgPNka5dBNY=", "last_login": null, "is_superuser": false, "username": "bms9", "first_name": "", "last_name": "", "is_staff": false, "is_active": true, "date_joined": "2023-06-28T18:28:27.063Z", "email": "bms9@dummy.com", "name": "Student BMS", "role": "student", "groups": [], "user_permissions": []}}, {"model": "accounts.customuser", "pk": 73, "fields": {"password": "pbkdf2_sha256$600000$J2UePiNM8dy3pc4GikKn3r$V70AGAbYNx15w+uAm8qdCDJGmoyBU5w6Z1dTr2kZowA=", "last_login": null, "is_superuser": false, "username": "bms10", "first_name": "", "last_name": "", "is_staff": false, "is_active": true, "date_joined": "2023-06-28T18:28:27.393Z", "email": "bms10@dummy.com", "name": "Student BMS", "role": "student", "groups": [], "user_permissions": []}}, {"model": "accounts.customuser", "pk": 74, "fields": {"password": "pbkdf2_sha256$600000$vWfNVVPahusLez09E9h5wK$/Av47ATcPxIly2gFeE9Gx3ahJ+7h6MefpH+78pdc/O4=", "last_login": null, "is_superuser": false, "username": "bms11", "first_name": "", "last_name": "", "is_staff": false, "is_active": true, "date_joined": "2023-06-28T18:28:27.725Z", "email": "bms11@dummy.com", "name": "Student BMS", "role": "student", "groups": [], "user_permissions": []}}, {"model": "accounts.customuser", "pk": 75, "fields": {"password": "pbkdf2_sha256$600000$wSauqxerubzeWrLyGS7Dtj$WYWew7BAEvjM7v3VOoQq0W9D+UXn1yktnYhjR4nm+ZQ=", "last_login": null, "is_superuser": false, "username": "bms12", "first_name": "", "last_name": "", "is_staff": false, "is_active": true, "date_joined": "2023-06-28T18:28:28.060Z", "email": "bms12@dummy.com", "name": "Student BMS", "role": "student", "groups": [], "user_permissions": []}}, {"model": "accounts.customuser", "pk": 76, "fields": {"password": "pbkdf2_sha256$600000$iFByl5SLUEwgtmvKh3oHg8$sp5qBKMSuUhleYbmQxntQqvxM49i0cINKs3BoBHMNgA=", "last_login": null, "is_superuser": false, "username": "bms13", "first_name": "", "last_name": "", "is_staff": false, "is_active": true, "date_joined": "2023-06-28T18:28:28.392Z", "email": "bms13@dummy.com", "name": "Student BMS", "role": "student", "groups": [], "user_permissions": []}}, {"model": "accounts.customuser", "pk": 77, "fields": {"password": "pbkdf2_sha256$600000$YC5tShpDLf9xeY1ZVycYRf$Sc4Y2CjUnUwL1sy9XaiYqmOlsBQ0Mt/PVmI6SCOAD4Q=", "last_login": null, "is_superuser": false, "username": "bms14", "first_name": "", "last_name": "", "is_staff": false, "is_active": true, "date_joined": "2023-06-28T18:28:28.724Z", "email": "bms14@dummy.com", "name": "Student BMS", "role": "student", "groups": [], "user_permissions": []}}, {"model": "accounts.customuser", "pk": 78, "fields": {"password": "pbkdf2_sha256$600000$g6baFsP83GAf2k7gnhHIaq$y1mVI4cQgNpRVIp1T8nryCC5nT+IjF+uEeAO+mKDh+I=", "last_login": null, "is_superuser": false, "username": "bms15", "first_name": "", "last_name": "", "is_staff": false, "is_active": true, "date_joined": "2023-06-28T18:28:29.058Z", "email": "bms15@dummy.com", "name": "Student BMS", "role": "student", "groups": [], "user_permissions": []}}, {"model": "accounts.customuser", "pk": 79, "fields": {"password": "pbkdf2_sha256$600000$cVNeO1WjSocjT79LZDzubE$xGRSdEJuUQDG7r2jySQf3TJ1/nSn4ttSGCQXZJPUfR8=", "last_login": null, "is_superuser": false, "username": "bms16", "first_name": "", "last_name": "", "is_staff": false, "is_active": true, "date_joined": "2023-06-28T18:28:29.390Z", "email": "bms16@dummy.com", "name": "Student BMS", "role": "student", "groups": [], "user_permissions": []}}, {"model": "accounts.customuser", "pk": 80, "fields": {"password": "pbkdf2_sha256$600000$mNl8ip046KDeQL4R7uNGdd$GfZFWEjT0z0C0GTl+TL0F/0j0LZ7Xc5G8n1ATlwhDcg=", "last_login": null, "is_superuser": false, "username": "bms17", "first_name": "", "last_name": "", "is_staff": false, "is_active": true, "date_joined": "2023-06-28T18:28:29.724Z", "email": "bms17@dummy.com", "name": "Student BMS", "role": "student", "groups": [], "user_permissions": []}}, {"model": "accounts.customuser", "pk": 81, "fields": {"password": "pbkdf2_sha256$600000$oLf3cWVYaulJV9azIwnwzs$U0Ag4DfP1FIhJiOy31grMEFRgx+X6RV6rV4Jm6EKGtI=", "last_login": null, "is_superuser": false, "username": "bms18", "first_name": "", "last_name": "", "is_staff": false, "is_active": true, "date_joined": "2023-06-28T18:28:30.056Z", "email": "bms18@dummy.com", "name": "Student BMS", "role": "student", "groups": [], "user_permissions": []}}, {"model": "accounts.customuser", "pk": 82, "fields": {"password": "pbkdf2_sha256$600000$DnPjmNpazVaZY5WAPbQaM2$idL/TMs5GLuKGroqMwMJGg5WM/gM0NGp3FbC9avw+Wo=", "last_login": null, "is_superuser": false, "username": "bms19", "first_name": "", "last_name": "", "is_staff": false, "is_active": true, "date_joined": "2023-06-28T18:28:30.390Z", "email": "bms19@dummy.com", "name": "Student BMS", "role": "student", "groups": [], "user_permissions": []}}, {"model": "accounts.customuser", "pk": 83, "fields": {"password": "pbkdf2_sha256$600000$XeeKyJj7962ckWY10bh2fk$nGKROzZEXZu8OWPZ4p4L1SlqGMXbxpUicrXK08wtHN0=", "last_login": null, "is_superuser": false, "username": "bms20", "first_name": "", "last_name": "", "is_staff": false, "is_active": true, "date_joined": "2023-06-28T18:28:30.722Z", "email": "bms20@dummy.com", "name": "Student BMS", "role": "student", "groups": [], "user_permissions": []}}, {"model": "accounts.customuser", "pk": 84, "fields": {"password": "pbkdf2_sha256$600000$w0hN7sWTSEt3Yq4J9j4JDX$4OsM/OR+5HmTgcWr6ZgmX8Ffb2FppALAqW1dyWQv1wU=", "last_login": null, "is_superuser": false, "username": "scce1", "first_name": "", "last_name": "", "is_staff": false, "is_active": true, "date_joined": "2023-06-28T18:28:31.052Z", "email": "scce1@dummy.com", "name": "Student SCCE", "role": "student", "groups": [], "user_permissions": []}}, {"model": "accounts.customuser", "pk": 85, "fields": {"password": "pbkdf2_sha256$600000$bbJYqT08iV0lgOtJCPwCrc$XnlrYoGPCqgNbIRCdyOgr3/H0jtlSAfzKLCZt03P2Q8=", "last_login": null, "is_superuser": false, "username": "scce2", "first_name": "", "last_name": "", "is_staff": false, "is_active": true, "date_joined": "2023-06-28T18:28:31.376Z", "email": "scce2@dummy.com", "name": "Student SCCE", "role": "student", "groups": [], "user_permissions": []}}, {"model": "accounts.customuser", "pk": 86, "fields": {"password": "pbkdf2_sha256$600000$PxJI56A61NGfPf3I9sRsSA$UtFD9c2CA92fmNz0Ue7A7Sd1weZ6TdB3ja3SIq0bK0M=", "last_login": null, "is_superuser": false, "username": "scce3", "first_name": "", "last_name": "", "is_staff": false, "is_active": true, "date_joined": "2023-06-28T18:28:31.706Z", "email": "scce3@dummy.com", "name": "Student SCCE", "role": "student", "groups": [], "user_permissions": []}}, {"model": "accounts.customuser", "pk": 87, "fields": {"password": "pbkdf2_sha256$600000$kqpmTHSe44hqrkcKcSr7LT$REKv09JxQLp1FcU6g2uTtyh2E3GAsUYTREFzsG/qynk=", "last_login": null, "is_superuser": false, "username": "scce4", "first_name": "", "last_name": "", "is_staff": false, "is_active": true, "date_joined": "2023-06-28T18:28:32.040Z", "email": "scce4@dummy.com", "name": "Student SCCE", "role": "student", "groups": [], "user_permissions": []}}, {"model": "accounts.customuser", "pk": 88, "fields": {"password": "pbkdf2_sha256$600000$FGYIs12AGIu5incNENwzsT$ffnwvyY/C38htLducZj5LZRa8leiWWaIHo+flt3aCcs=", "last_login": null, "is_superuser": false, "username": "scce5", "first_name": "", "last_name": "", "is_staff": false, "is_active": true, "date_joined": "2023-06-28T18:28:32.378Z", "email": "scce5@dummy.com", "name": "Student SCCE", "role": "student", "groups": [], "user_permissions": []}}, {"model": "accounts.customuser", "pk": 89, "fields": {"password": "pbkdf2_sha256$600000$e1ZVv4K0PJpU8F9x0egrk4$JDMQTYHMcTfytjMhLXaEmuHP6/9y3wyjFNOPpVL9LMs=", "last_login": null, "is_superuser": false, "username": "scce6", "first_name": "", "last_name": "", "is_staff": false, "is_active": true, "date_joined": "2023-06-28T18:28:32.717Z", "email": "scce6@dummy.com", "name": "Student SCCE", "role": "student", "groups": [], "user_permissions": []}}, {"model": "accounts.customuser", "pk": 90, "fields": {"password": "pbkdf2_sha256$600000$oJLu7LeaTQ7jb5ikMDAdzQ$ebCra8zd8T/ax0D3Eg2gIY3U0RrvfSHrjQzZorDrkW8=", "last_login": null, "is_superuser": false, "username": "scce7", "first_name": "", "last_name": "", "is_staff": false, "is_active": true, "date_joined": "2023-06-28T18:28:33.053Z", "email": "scce7@dummy.com", "name": "Student SCCE", "role": "student", "groups": [], "user_permissions": []}}, {"model": "accounts.customuser", "pk": 91, "fields": {"password": "pbkdf2_sha256$600000$3pEQAaE0p2WufareAVJ82u$DClMQwVSRGUdtQ6Q6lJ0O+y3dCH8oXwB0EmnGRmEur0=", "last_login": null, "is_superuser": false, "username": "scce8", "first_name": "", "last_name": "", "is_staff": false, "is_active": true, "date_joined": "2023-06-28T18:28:33.390Z", "email": "scce8@dummy.com", "name": "Student SCCE", "role": "student", "groups": [], "user_permissions": []}}, {"model": "accounts.customuser", "pk": 92, "fields": {"password": "pbkdf2_sha256$600000$EOnyFxyZxPCKfCZRgIAq6a$hIAmr0gXeUPtWPPeuiuU0IYvTV8ey1p8hsJPwZRhffU=", "last_login": null, "is_superuser": false, "username": "scce9", "first_name": "", "last_name": "", "is_staff": false, "is_active": true, "date_joined": "2023-06-28T18:28:33.714Z", "email": "scce9@dummy.com", "name": "Student SCCE", "role": "student", "groups": [], "user_permissions": []}}, {"model": "accounts.customuser", "pk": 93, "fields": {"password": "pbkdf2_sha256$600000$Xi3Iwy6dJs6woiqNqE7Af4$DcBxo2/WJbH5FQQTbq3JCEZh9RLUqoaTgWlEcvCtyCk=", "last_login": null, "is_superuser": false, "username": "scce10", "first_name": "", "last_name": "", "is_staff": false, "is_active": true, "date_joined": "2023-06-28T18:28:34.041Z", "email": "scce10@dummy.com", "name": "Student SCCE", "role": "student", "groups": [], "user_permissions": []}}, {"model": "accounts.customuser", "pk": 94, "fields": {"password": "pbkdf2_sha256$600000$WQAyo0ATgOZQfiJ2vdL6NJ$i7vkKHdFqvj4Cg4VV8zpTm9c572/Pu98zs1sY5HmS/g=", "last_login": null, "is_superuser": false, "username": "scce11", "first_name": "", "last_name": "", "is_staff": false, "is_active": true, "date_joined": "2023-06-28T18:28:34.373Z", "email": "scce11@dummy.com", "name": "Student SCCE", "role": "student", "groups": [], "user_permissions": []}}, {"model": "accounts.customuser", "pk": 95, "fields": {"password": "pbkdf2_sha256$600000$p9gRwbkWxrPKzGQEH5WS2E$jVTBW+xG0MW1b+u09D3yJFo2+hpjvS/V2B7CRJan8J8=", "last_login": null, "is_superuser": false, "username": "scce12", "first_name": "", "last_name": "", "is_staff": false, "is_active": true, "date_joined": "2023-06-28T18:28:34.709Z", "email": "scce12@dummy.com", "name": "Student SCCE", "role": "student", "groups": [], "user_permissions": []}}, {"model": "accounts.customuser", "pk": 96, "fields": {"password": "pbkdf2_sha256$600000$vJQMDgr637YOeZka5Cnbmb$k4Y8GWWXU9Cxgn9xoJq6nvGT6BpC6CWXiF/NkHAYAPk=", "last_login": null, "is_superuser": false, "username": "scce13", "first_name": "", "last_name": "", "is_staff": false, "is_active": true, "date_joined": "2023-06-28T18:28:35.037Z", "email": "scce13@dummy.com", "name": "Student SCCE", "role": "student", "groups": [], "user_permissions": []}}, {"model": "accounts.customuser", "pk": 97, "fields": {"password": "pbkdf2_sha256$600000$w0wQjEFJ5mADI1K28cuJZ6$0M6T82iSExZws1AXMcucDV+S5KCxAFBIU8e3gsr65aI=", "last_login": null, "is_superuser": false, "username": "scce14", "first_name": "", "last_name": "", "is_staff": false, "is_active": true, "date_joined": "2023-06-28T18:28:35.362Z", "email": "scce14@dummy.com", "name": "Student SCCE", "role": "student", "groups": [], "user_permissions": []}}, {"model": "accounts.customuser", "pk": 98, "fields": {"password": "pbkdf2_sha256$600000$aShFEXSH2i9BeLfhmfyzIz$4mbLmpRlkrutD8Lk7uPU6cY2O2038a7ViLYcjqM/cuI=", "last_login": null, "is_superuser": false, "username": "scce15", "first_name": "", "last_name": "", "is_staff": false, "is_active": true, "date_joined": "2023-06-28T18:28:35.692Z", "email": "scce15@dummy.com", "name": "Student SCCE", "role": "student", "groups": [], "user_permissions": []}}, {"model": "accounts.customuser", "pk": 99, "fields": {"password": "pbkdf2_sha256$600000$MaKAALbD5BwOkhwr5PdZ45$oT32dtn07eWRzo3XV2Uii+LNLNn2RvmJpB7SNhYFyrU=", "last_login": null, "is_superuser": false, "username": "scce16", "first_name": "", "last_name": "", "is_staff": false, "is_active": true, "date_joined": "2023-06-28T18:28:36.021Z", "email": "scce16@dummy.com", "name": "Student SCCE", "role": "student", "groups": [], "user_permissions": []}}, {"model": "accounts.customuser", "pk": 100, "fields": {"password": "pbkdf2_sha256$600000$xvNJTIyx4ZqYdXbcSZvonL$Wl2F4ENWhlXu/0InTFIRmAwlkYneL6KlgoGxoyNidmw=", "last_login": null, "is_superuser": false, "username": "scce17", "first_name": "", "last_name": "", "is_staff": false, "is_active": true, "date_joined": "2023-06-28T18:28:36.340Z", "email": "scce17@dummy.com", "name": "Student SCCE", "role": "student", "groups": [], "user_permissions": []}}, {"model": "accounts.customuser", "pk": 101, "fields": {"password": "pbkdf2_sha256$600000$Z0xhQ2EQTaNSt7qcXud7Xf$i9QptgKvwISdayExw4WQzEDqLv4CNOmoIKD70ymC3Jo=", "last_login": null, "is_superuser": false, "username": "scce18", "first_name": "", "last_name": "", "is_staff": false, "is_active": true, "date_joined": "2023-06-28T18:28:36.662Z", "email": "scce18@dummy.com", "name": "Student SCCE", "role": "student", "groups": [], "user_permissions": []}}, {"model": "accounts.customuser", "pk": 102, "fields": {"password": "pbkdf2_sha256$600000$zP8LGY9NLvuZnhxRZVoTaI$JGDWRuiM8zyjaKN8/TESTE5cCx9P1xDqs15jpS5wO6c=", "last_login": null, "is_superuser": false, "username": "scce19", "first_name": "", "last_name": "", "is_staff": false, "is_active": true, "date_joined": "2023-06-28T18:28:36.989Z", "email": "scce19@dummy.com", "name": "Student SCCE", "role": "student", "groups": [], "user_permissions": []}}, {"model": "accounts.customuser", "pk": 103, "fields": {"password": "pbkdf2_sha256$600000$TjBXSeX8ZzEjh1Hf7Rk0Nq$2p7yI5L3buEFfebgDUnTCUs3HP6cW1XLpF3MM/dh1uM=", "last_login": null, "is_superuser": false, "username": "scce20", "first_name": "", "last_name": "", "is_staff": false, "is_active": true, "date_joined": "2023-06-28T18:28:37.313Z", "email": "scce20@dummy.com", "name": "Student SCCE", "role": "student", "groups": [], "user_permissions": []}}, {"model": "accounts.customuser", "pk": 104, "fields": {"password": "pbkdf2_sha256$600000$zv5RSQlrEMq4ZZdPtW8ZVR$Bgg9vJfyTpF8MmefWd+n6U9b2bYzFAYv+MVHEoAh2lA=", "last_login": null, "is_superuser": false, "username": "asd1", "first_name": "", "last_name": "", "is_staff": false, "is_active": true, "date_joined": "2023-06-28T18:28:37.641Z", "email": "asd1@dummy.com", "name": "Student ASD", "role": "student", "groups": [], "user_permissions": []}}, {"model": "accounts.customuser", "pk": 105, "fields": {"password": "pbkdf2_sha256$600000$mQB5niufP7xzQTMTEd9PWF$vZqPd2Bb6sF8jEOsVUEl57wNMxR6daA28hsT/nk5JDE=", "last_login": null, "is_superuser": false, "username": "asd2", "first_name": "", "last_name": "", "is_staff": false, "is_active": true, "date_joined": "2023-06-28T18:28:37.972Z", "email": "asd2@dummy.com", "name": "Student ASD", "role": "student", "groups": [], "user_permissions": []}}, {"model": "accounts.customuser", "pk": 106, "fields": {"password": "pbkdf2_sha256$600000$PvQXOTpdfPXryeiGRDCP6L$6pV+xxJ+/uIfcwExwSdIIYy7TApr89LN6WOIEkx2dwU=", "last_login": null, "is_superuser": false, "username": "asd3", "first_name": "", "last_name": "", "is_staff": false, "is_active": true, "date_joined": "2023-06-28T18:28:38.305Z", "email": "asd3@dummy.com", "name": "Student ASD", "role": "student", "groups": [], "user_permissions": []}}, {"model": "accounts.customuser", "pk": 107, "fields": {"password": "pbkdf2_sha256$600000$zo5KaxabyigAQ9nJBPK17T$1cAHCCdvtAsnDr5BjnNo5t6Bx1eOxPMi8ZwjxCcumR8=", "last_login": null, "is_superuser": false, "username": "asd4", "first_name": "", "last_name": "", "is_staff": false, "is_active": true, "date_joined": "2023-06-28T18:28:38.638Z", "email": "asd4@dummy.com", "name": "Student ASD", "role": "student", "groups": [], "user_permissions": []}}, {"model": "accounts.customuser", "pk": 108, "fields": {"password": "pbkdf2_sha256$600000$lf2MFm9PLvJ0fXsBJGCl9A$IJOvwJND6eDRn9NaOfyTLl1o8gDyTKmqsy7rgWmATww=", "last_login": null, "is_superuser": false, "username": "asd5", "first_name": "", "last_name": "", "is_staff": false, "is_active": true, "date_joined": "2023-06-28T18:28:38.971Z", "email": "asd5@dummy.com", "name": "Student ASD", "role": "student", "groups": [], "user_permissions": []}}, {"model": "accounts.customuser", "pk": 109, "fields": {"password": "pbkdf2_sha256$600000$7GGRo9M6h4FInYQRnHMc6Z$nXlhvJZ2/sHL1fXK5S1xKxsMv+4byjZHxFl7JbNRuNk=", "last_login": null, "is_superuser": false, "username": "asd6", "first_name": "", "last_name": "", "is_staff": false, "is_active": true, "date_joined": "2023-06-28T18:28:39.307Z", "email": "asd6@dummy.com", "name": "Student ASD", "role": "student", "groups": [], "user_permissions": []}}, {"model": "accounts.customuser", "pk": 110, "fields": {"password": "pbkdf2_sha256$600000$jhL0NMAgROUrttDAzIqoof$TPZqjV6+xdY5Usi+f0Eh7VjeAECE6lk/SxCTiucl4QI=", "last_login": null, "is_superuser": false, "username": "asd7", "first_name": "", "last_name": "", "is_staff": false, "is_active": true, "date_joined": "2023-06-28T18:28:39.642Z", "email": "asd7@dummy.com", "name": "Student ASD", "role": "student", "groups": [], "user_permissions": []}}, {"model": "accounts.customuser", "pk": 111, "fields": {"password": "pbkdf2_sha256$600000$7hoOpA7M1JHa4lxXVjYjly$GwpMIujtAjX1glaiByII/qnzgWb2SnJNUbaxMorvTy4=", "last_login": null, "is_superuser": false, "username": "asd8", "first_name": "", "last_name": "", "is_staff": false, "is_active": true, "date_joined": "2023-06-28T18:28:39.974Z", "email": "asd8@dummy.com", "name": "Student ASD", "role": "student", "groups": [], "user_permissions": []}}, {"model": "accounts.customuser", "pk": 112, "fields": {"password": "pbkdf2_sha256$600000$o14lQuiVuM1FNG1N53qT2c$Hpn3DwpIpo4Xy2Xh1GvWTr94xANm3LQvdiEmYrbpigY=", "last_login": null, "is_superuser": false, "username": "asd9", "first_name": "", "last_name": "", "is_staff": false, "is_active": true, "date_joined": "2023-06-28T18:28:40.302Z", "email": "asd9@dummy.com", "name": "Student ASD", "role": "student", "groups": [], "user_permissions": []}}, {"model": "accounts.customuser", "pk": 113, "fields": {"password": "pbkdf2_sha256$600000$mp6P2C2IuDRZ4Fn04nVzNw$VsW8Yp+VeY55bmosPLTe3xoRe4DI8ZirKryFxeUvNJE=", "last_login": null, "is_superuser": false, "username": "asd10", "first_name": "", "last_name": "", "is_staff": false, "is_active": true, "date_joined": "2023-06-28T18:28:40.638Z", "email": "asd10@dummy.com", "name": "Student ASD", "role": "student", "groups": [], "user_permissions": []}}, {"model": "accounts.customuser", "pk": 114, "fields": {"password": "pbkdf2_sha256$600000$CkOA0uqJxaV8Ic5dPio1Dq$TWL7FbF2VsS39+mlvEJaZ7V9XGEFSZvoRIH7jMxOa/U=", "last_login": null, "is_superuser": false, "username": "asd11", "first_name": "", "last_name": "", "is_staff": false, "is_active": true, "date_joined": "2023-06-28T18:28:40.963Z", "email": "asd11@dummy.com", "name": "Student ASD", "role": "student", "groups": [], "user_permissions": []}}, {"model": "accounts.customuser", "pk": 115, "fields": {"password": "pbkdf2_sha256$600000$RRz1XdQ8zRWuzDTZ4o8UO0$6U1k+LQ5PvV8XrCkd1L2gdcHupGZpoYjQEhiSgMKumU=", "last_login": null, "is_superuser": false, "username": "asd12", "first_name": "", "last_name": "", "is_staff": false, "is_active": true, "date_joined": "2023-06-28T18:28:41.283Z", "email": "asd12@dummy.com", "name": "Student ASD", "role": "student", "groups": [], "user_permissions": []}}, {"model": "accounts.customuser", "pk": 116, "fields": {"password": "pbkdf2_sha256$600000$uIfMuWxlqcZ92JLl6OsgEc$IK38uOUz9O4BsYxmKMbFw+XqPDlNeD28v/kbHKmgTZo=", "last_login": null, "is_superuser": false, "username": "asd13", "first_name": "", "last_name": "", "is_staff": false, "is_active": true, "date_joined": "2023-06-28T18:28:41.612Z", "email": "asd13@dummy.com", "name": "Student ASD", "role": "student", "groups": [], "user_permissions": []}}, {"model": "accounts.customuser", "pk": 117, "fields": {"password": "pbkdf2_sha256$600000$TleXRu9jFhDrELUjhz3E3K$5B69TYcXZgM78eme5bbHnKfXo2Ft2pyoFhPPvrtIL0s=", "last_login": null, "is_superuser": false, "username": "asd14", "first_name": "", "last_name": "", "is_staff": false, "is_active": true, "date_joined": "2023-06-28T18:28:41.946Z", "email": "asd14@dummy.com", "name": "Student ASD", "role": "student", "groups": [], "user_permissions": []}}, {"model": "accounts.customuser", "pk": 118, "fields": {"password": "pbkdf2_sha256$600000$JLcQt3G0QQWCdit7HPyRwf$i/LUZdgemErLDiuhvEteFQFrdK388USwx+A2d+jB0SI=", "last_login": null, "is_superuser": false, "username": "asd15", "first_name": "", "last_name": "", "is_staff": false, "is_active": true, "date_joined": "2023-06-28T18:28:42.278Z", "email": "asd15@dummy.com", "name": "Student ASD", "role": "student", "groups": [], "user_permissions": []}}, {"model": "accounts.customuser", "pk": 119, "fields": {"password": "pbkdf2_sha256$600000$sal9JIz5927r9z0ZEtHfSm$K/UWVePFhTz2gygBEE08pPU6HnVop0JMcXm2UYm9GtU=", "last_login": null, "is_superuser": false, "username": "asd16", "first_name": "", "last_name": "", "is_staff": false, "is_active": true, "date_joined": "2023-06-28T18:28:42.613Z", "email": "asd16@dummy.com", "name": "Student ASD", "role": "student", "groups": [], "user_permissions": []}}, {"model": "accounts.customuser", "pk": 120, "fields": {"password": "pbkdf2_sha256$600000$Rzjlfn76mLGRokkez2kjIk$wuN4/9Bgku7hTw0YSXbCm5yhhGawSB0X8FymUi+4Y6c=", "last_login": null, "is_superuser": false, "username": "asd17", "first_name": "", "last_name": "", "is_staff": false, "is_active": true, "date_joined": "2023-06-28T18:28:42.946Z", "email": "asd17@dummy.com", "name": "Student ASD", "role": "student", "groups": [], "user_permissions": []}}, {"model": "accounts.customuser", "pk": 121, "fields": {"password": "pbkdf2_sha256$600000$TSJRv5tTvdOmwvXI0codIA$oGBgGOkj0wmC1s0y7FKufxVILPgNBRxQw8DZTG/wmhU=", "last_login": null, "is_superuser": false, "username": "asd18", "first_name": "", "last_name": "", "is_staff": false, "is_active": true, "date_joined": "2023-06-28T18:28:43.279Z", "email": "asd18@dummy.com", "name": "Student ASD", "role": "student", "groups": [], "user_permissions": []}}, {"model": "accounts.customuser", "pk": 122, "fields": {"password": "pbkdf2_sha256$600000$ACNjy8Ttm7VNKytzbP3knq$98x/L5WaPBIOawtWLjpZjSvyNtRegOPtWcFLRqdXyBQ=", "last_login": null, "is_superuser": false, "username": "asd19", "first_name": "", "last_name": "", "is_staff": false, "is_active": true, "date_joined": "2023-06-28T18:28:43.614Z", "email": "asd19@dummy.com", "name": "Student ASD", "role": "student", "groups": [], "user_permissions": []}}, {"model": "accounts.customuser", "pk": 123, "fields": {"password": "pbkdf2_sha256$600000$9f1kFEeLisfX9vAyRUk5nr$JFBHLWwj1YlB+7/HCwCpDQNfwSKvPTdpU0PyC6foL8o=", "last_login": null, "is_superuser": false, "username": "asd20", "first_name": "", "last_name": "", "is_staff": false, "is_active": true, "date_joined": "2023-06-28T18:28:43.947Z", "email": "asd20@dummy.com", "name": "Student ASD", "role": "student", "groups": [], "user_permissions": []}}, {"model": "accounts.customuser", "pk": 124, "fields": {"password": "pbkdf2_sha256$600000$fY1d3BvkSZG3A9z5ZpWBUk$VF8wC6RkDtJnR3UV5UAq35VaN0CO/NJ+VcIzxBCFzSM=", "last_login": "2023-06-28T18:29:07.805Z", "is_superuser": false, "username": "dininghall1", "first_name": "", "last_name": "", "is_staff": false, "is_active": true, "date_joined": "2023-06-28T18:28:44.280Z", "email": "dininghall1@dummy.com", "name": "Dining Hall Staff", "role": "dininghall", "groups": [], "user_permissions": []}}, {"model": "accounts.customuser", "pk": 125, "fields": {"password": "pbkdf2_sha256$600000$nJCcRo5121g9mdD8GcyzB4$UVmrzvk8gI2L0E8JaaKfHrrC1nDbm/hb2xVcPDfutLg=", "last_login": null, "is_superuser": false, "username": "dininghall2", "first_name": "", "last_name": "", "is_staff": false, "is_active": true, "date_joined": "2023-06-28T18:28:44.611Z", "email": "dininghall2@dummy.com", "name": "Dining Hall Staff", "role": "dininghall", "groups": [], "user_permissions": []}}, {"model": "accounts.customuser", "pk": 126, "fields": {"password": "pbkdf2_sha256$600000$wSUjTtk0LUjk59aP6vbj3i$cn9XXyjsGbG0o3Dt9y4vXFI+XKvg8owo9LskMEjRkz8=", "last_login": null, "is_superuser": false, "username": "dininghall3", "first_name": "", "last_name": "", "is_staff": false, "is_active": true, "date_joined": "2023-06-28T18:28:44.945Z", "email": "dininghall3@dummy.com", "name": "Dining Hall Staff", "role": "dininghall", "groups": [], "user_permissions": []}}, {"model": "accounts.customuser", "pk": 127, "fields": {"password": "pbkdf2_sha256$600000$TF9RLfnIC3EWWlCReAQqKE$7HpqE8fKeMIkYoH3WWaErbhXpubJ7xi4erONNSa7KG0=", "last_login": null, "is_superuser": false, "username": "sas1", "first_name": "", "last_name": "", "is_staff": false, "is_active": true, "date_joined": "2023-06-28T18:28:45.279Z", "email": "sas1@dummy.com", "name": "SAS", "role": "sas", "groups": [], "user_permissions": []}}, {"model": "accounts.customuser", "pk": 128, "fields": {"password": "pbkdf2_sha256$600000$AcuYuvviRM1zYEYrD2rgQp$3+jQolNxPVgs2hW4PdQ79YwkPlBPW0biSNzGWLgHXjk=", "last_login": null, "is_superuser": false, "username": "dosen1", "first_name": "", "last_name": "", "is_staff": false, "is_active": true, "date_joined": "2023-06-28T18:28:45.608Z", "email": "dosen1@dummy.com", "name": "Dosen", "role": "dosen", "groups": [], "user_permissions": []}}, {"model": "accounts.customuser", "pk": 129, "fields": {"password": "pbkdf2_sha256$600000$BT7jR1PdHdVbN2RHA31mZv$SyKpddrI2Lq8lYoTWet//QJvXny4i4sFg0snJ8K1M9I=", "last_login": null, "is_superuser": false, "username": "dosen2", "first_name": "", "last_name": "", "is_staff": false, "is_active": true, "date_joined": "2023-06-28T18:28:45.947Z", "email": "dosen2@dummy.com", "name": "Dosen", "role": "dosen", "groups": [], "user_permissions": []}}, {"model": "accounts.customuser", "pk": 130, "fields": {"password": "pbkdf2_sha256$600000$hXAGuGEDgsSSd7HlS7YRiI$51WxD/7iEf+KNgGYepcMC9I7IIvZ2xSo+CXxZPrUHeY=", "last_login": null, "is_superuser": false, "username": "dosen3", "first_name": "", "last_name": "", "is_staff": false, "is_active": true, "date_joined": "2023-06-28T18:28:46.282Z", "email": "dosen3@dummy.com", "name": "Dosen", "role": "dosen", "groups": [], "user_permissions": []}}, {"model": "accounts.customuser", "pk": 131, "fields": {"password": "pbkdf2_sha256$600000$mN2SOpHGtVP9p5EAJ9goSg$TPv9goc0k7QUSXSUEWuss53rc9usmots9q1EXEgw40Q=", "last_login": null, "is_superuser": false, "username": "dosen4", "first_name": "", "last_name": "", "is_staff": false, "is_active": true, "date_joined": "2023-06-28T18:28:46.616Z", "email": "dosen4@dummy.com", "name": "Dosen", "role": "dosen", "groups": [], "user_permissions": []}}, {"model": "accounts.customuser", "pk": 132, "fields": {"password": "pbkdf2_sha256$600000$JSJO5ejd3sh1ZdrFqVrLk1$PddPbYAaqM5n/mmNIGqMw1pARQLZyC6+ZcqqsQY7olc=", "last_login": null, "is_superuser": false, "username": "dosen5", "first_name": "", "last_name": "", "is_staff": false, "is_active": true, "date_joined": "2023-06-28T18:28:46.957Z", "email": "dosen5@dummy.com", "name": "Dosen", "role": "dosen", "groups": [], "user_permissions": []}}]